#Wave,#Intensity
899.91423626456,459
899.805189010859,457
899.696138825099,463
899.58708570773,458
899.478029659201,460
899.368970679961,463
899.259908770459,462
899.150843931146,462
899.04177616247,462
898.932705464882,460
898.823631838829,458
898.714555284763,459
898.605475803131,461
898.496393394384,456
898.387308058971,463
898.278219797342,464
898.169128609945,465
898.06003449723,456
897.950937459647,461
897.841837497646,457
897.732734611674,463
897.623628802182,462
897.51452006962,459
897.405408414436,468
897.29629383708,463
897.187176338002,459
897.078055917651,462
896.968932576476,463
896.859806314927,461
896.750677133452,463
896.641545032503,465
896.532410012527,456
896.423272073975,463
896.314131217295,460
896.204987442937,465
896.095840751351,469
895.986691142987,465
895.877538618292,458
895.768383177717,454
895.659224821711,467
895.550063550725,467
895.440899365205,459
895.331732265604,461
895.222562252369,464
895.113389325951,459
895.004213486798,467
894.89503473536,462
894.785853072087,462
894.676668497427,459
894.567481011831,465
894.458290615748,463
894.349097309627,465
894.239901093917,461
894.130701969068,466
894.02149993553,467
893.912294993751,466
893.803087144181,463
893.69387638727,471
893.584662723467,463
893.475446153221,467
893.366226676982,465
893.2570042952,462
893.147779008322,468
893.0385508168,465
892.929319721082,463
892.820085721619,466
892.710848818858,460
892.60160901325,469
892.492366305244,465
892.38312069529,466
892.273872183836,462
892.164620771333,458
892.055366458229,463
891.946109244975,465
891.836849132019,471
891.727586119811,464
891.6183202088,464
891.509051399436,458
891.399779692168,469
891.290505087446,468
891.181227585719,473
891.071947187436,463
890.962663893046,471
890.853377703001,460
890.744088617747,463
890.634796637736,466
890.525501763416,466
890.416203995237,467
890.306903333648,464
890.197599779099,473
890.088293332038,473
889.978983992917,476
889.869671762183,465
889.760356640286,470
889.651038627676,470
889.541717724803,474
889.432393932114,459
889.323067250061,461
889.213737679092,470
889.104405219656,472
888.995069872204,467
888.885731637185,464
888.776390515047,471
888.667046506241,475
888.557699611215,473
888.44834983042,464
888.338997164304,474
888.229641613318,471
888.120283177909,467
888.010921858529,464
887.901557655625,477
887.792190569649,465
887.682820601048,475
887.573447750273,470
887.464072017773,473
887.354693403997,472
887.245311909395,472
887.135927534415,474
887.026540279509,471
886.917150145124,472
886.807757131711,475
886.698361239718,468
886.588962469595,475
886.479560821792,475
886.370156296758,476
886.260748894942,471
886.151338616795,476
886.041925462764,478
885.9325094333,480
885.823090528851,477
885.713668749869,470
885.604244096801,475
885.494816570097,474
885.385386170207,475
885.27595289758,476
885.166516752665,476
885.057077735913,474
884.947635847771,472
884.83819108869,472
884.72874345912,474
884.619292959508,476
884.509839590306,469
884.400383351962,471
884.290924244926,475
884.181462269647,477
884.071997426574,478
883.962529716158,485
883.853059138846,476
883.74358569509,480
883.634109385338,474
883.524630210039,476
883.415148169643,476
883.3056632646,481
883.196175495358,480
883.086684862368,476
882.977191366078,479
882.867695006939,485
882.758195785399,482
882.648693701907,477
882.539188756914,481
882.429680950869,480
882.320170284221,481
882.210656757419,478
882.101140370913,480
881.991621125152,478
881.882099020586,478
881.772574057665,480
881.663046236837,480
881.553515558551,490
881.443982023258,475
881.334445631407,494
881.224906383447,488
881.115364279828,481
881.005819320999,479
880.896271507409,476
880.786720839507,489
880.677167317745,484
880.567610942569,485
880.458051714431,488
880.348489633779,483
880.238924701063,487
880.129356916732,487
880.019786281236,482
879.910212795024,481
879.800636458546,487
879.69105727225,482
879.581475236587,487
879.471890352005,485
879.362302618955,486
879.252712037885,480
879.143118609245,485
879.033522333484,490
878.923923211052,498
878.814321242399,486
878.704716427973,492
878.595108768223,490
878.485498263601,489
878.375884914554,484
878.266268721532,487
878.156649684985,491
878.047027805362,487
877.937403083112,489
877.827775518685,493
877.718145112531,488
877.608511865098,492
877.498875776836,492
877.389236848195,491
877.279595079623,491
877.169950471571,494
877.060303024488,498
876.950652738823,490
876.840999615025,499
876.731343653544,495
876.62168485483,496
876.512023219331,500
876.402358747497,492
876.292691439778,498
876.183021296623,497
876.073348318482,502
875.963672505803,497
875.853993859036,505
875.744312378631,502
875.634628065037,507
875.524940918704,513
875.41525094008,497
875.305558129616,507
875.19586248776,494
875.086164014962,500
874.976462711672,505
874.866758578339,501
874.757051615412,507
874.64734182334,509
874.537629202574,502
874.427913753562,517
874.318195476755,502
874.2084743726,503
874.098750441549,512
873.989023684049,509
873.879294100551,505
873.769561691504,510
873.659826457357,504
873.550088398561,506
873.440347515563,519
873.330603808814,503
873.220857278763,518
873.11110792586,514
873.001355750553,519
872.891600753293,510
872.781842934528,522
872.672082294708,511
872.562318834283,513
872.452552553702,518
872.342783453414,516
872.233011533868,512
872.123236795515,510
872.013459238803,520
871.903678864182,516
871.793895672102,520
871.684109663011,515
871.57432083736,517
871.464529195597,520
871.354734738172,516
871.244937465534,521
871.135137378133,525
871.025334476418,505
870.915528760839,528
870.805720231845,524
870.695908889886,525
870.58609473541,521
870.476277768867,524
870.366457990708,539
870.25663540138,524
870.146810001333,532
870.036981791018,541
869.927150770883,534
869.817316941377,539
869.707480302951,539
869.597640856053,528
869.487798601133,534
869.37795353864,531
869.268105669025,547
869.158254992735,526
869.048401510221,534
868.938545221931,526
868.828686128317,547
868.718824229826,527
868.608959526908,536
868.499092020013,552
868.389221709589,531
868.279348596088,538
868.169472679957,546
868.059593961646,521
867.949712441605,535
867.839828120283,551
867.729940998129,537
867.620051075594,551
867.510158353125,545
867.400262831173,541
867.290364510188,551
867.180463390618,533
867.070559472913,542
866.960652757522,542
866.850743244894,554
866.74083093548,545
866.630915829729,547
866.52099792809,541
866.411077231012,543
866.301153738944,560
866.191227452337,563
866.08129837164,562
865.971366497301,552
865.861431829771,549
865.751494369499,568
865.641554116934,555
865.531611072525,549
865.421665236723,544
865.311716609976,559
865.201765192734,555
865.091810985446,572
864.981853988562,559
864.871894202531,569
864.761931627803,574
864.651966264826,570
864.541998114051,572
864.432027175927,579
864.322053450902,575
864.212076939428,567
864.102097641952,567
863.992115558924,583
863.882130690794,571
863.772143038012,570
863.662152601026,567
863.552159380286,576
863.442163376242,564
863.332164589342,583
863.222163020037,576
863.112158668775,573
863.002151536006,586
862.89214162218,565
862.782128927745,568
862.672113453152,582
862.56209519885,585
862.452074165287,601
862.342050352914,588
862.23202376218,585
862.121994393535,598
862.011962247427,586
861.901927324306,599
861.791889624622,591
861.681849148823,596
861.57180589736,600
861.461759870682,592
861.351711069238,596
861.241659493478,598
861.13160514385,597
861.021548020805,611
860.911488124792,607
860.80142545626,602
860.691360015659,605
860.581291803438,618
860.471220820046,594
860.361147065933,614
860.251070541548,609
860.140991247341,616
860.030909183761,624
859.920824351258,633
859.81073675028,619
859.700646381278,616
859.590553244701,620
859.480457340997,626
859.370358670617,624
859.260257234011,626
859.150153031626,624
859.040046063913,641
858.929936331322,610
858.819823834301,620
858.7097085733,620
858.599590548768,624
858.489469761155,635
858.379346210911,628
858.269219898484,630
858.159090824324,635
858.04895898888,630
857.938824392603,643
857.82868703594,647
857.718546919343,640
857.608404043259,630
857.498258408139,654
857.388110014432,640
857.277958862587,656
857.167804953054,631
857.057648286282,643
856.947488862721,660
856.837326682819,649
856.727161747027,668
856.616994055793,653
856.506823609568,660
856.3966504088,639
856.28647445394,666
856.176295745435,658
856.066114283737,669
855.955930069294,680
855.845743102555,665
855.73555338397,673
855.625360913989,686
855.515165693061,667
855.404967721635,676
855.29476700016,676
855.184563529087,672
855.074357308864,661
854.964148339941,694
854.853936622768,686
854.743722157793,697
854.633504945466,684
854.523284986237,689
854.413062280554,704
854.302836828868,699
854.192608631628,697
854.082377689283,685
853.972144002283,706
853.861907571076,699
853.751668396113,699
853.641426477843,705
853.531181816715,686
853.420934413178,695
853.310684267683,715
853.200431380678,712
853.090175752612,715
852.979917383936,715
852.869656275099,730
852.75939242655,722
852.649125838739,742
852.538856512114,734
852.428584447125,744
852.318309644222,728
852.208032103855,734
852.097751826472,733
851.987468812522,735
851.877183062457,748
851.766894576723,741
851.656603355772,731
851.546309400053,733
851.436012710015,757
851.325713286107,746
851.215411128778,753
851.105106238479,745
850.994798615659,767
850.884488260767,759
850.774175174252,772
850.663859356564,758
850.553540808152,780
850.443219529466,769
850.332895520954,771
850.222568783068,799
850.112239316255,790
850.001907120966,774
849.891572197649,796
849.781234546754,790
849.670894168731,786
849.560551064029,806
849.450205233097,792
849.339856676385,791
849.229505394342,795
849.119151387418,802
849.008794656061,805
848.898435200722,808
848.78807302185,817
848.677708119894,799
848.567340495304,821
848.456970148528,825
848.346597080017,837
848.23622129022,818
848.125842779586,850
848.015461548565,834
847.905077597606,846
847.794690927158,846
847.684301537671,860
847.573909429595,849
847.463514603378,828
847.35311705947,840
847.242716798321,854
847.13231382038,850
847.021908126096,860
846.911499715919,854
846.801088590298,862
846.690674749682,854
846.580258194522,874
846.469838925266,888
846.359416942363,880
846.248992246264,884
846.138564837417,881
846.028134716273,881
845.91770188328,888
845.807266338888,905
845.696828083545,890
845.586387117703,895
845.47594344181,898
845.365497056315,910
845.255047961668,914
845.144596158318,917
845.034141646715,929
844.923684427308,941
844.813224500547,938
844.702761866881,930
844.592296526759,920
844.48182848063,947
844.371357728945,915
844.260884272152,933
844.150408110701,939
844.039929245042,955
843.929447675624,945
843.818963402895,941
843.708476427306,967
843.597986749307,958
843.487494369345,974
843.376999287872,968
843.266501505336,979
843.156001022186,986
843.045497838872,1020
842.934991955844,999
842.824483373551,988
842.713972092442,1019
842.603458112967,1020
842.492941435575,994
842.382422060715,1014
842.271899988837,1013
842.161375220391,1040
842.050847755825,1041
841.94031759559,1052
841.829784740134,1018
841.719249189906,1011
841.608710945358,1054
841.498170006937,1042
841.387626375093,1042
841.277080050276,1063
841.166531032935,1070
841.05597932352,1031
840.945424922479,1061
840.834867830262,1076
840.724308047319,1079
840.613745574099,1072
840.503180411052,1098
840.392612558626,1089
840.282042017272,1118
840.171468787438,1093
840.060892869574,1128
839.95031426413,1121
839.839732971555,1144
839.729148992299,1132
839.618562326809,1176
839.507972975537,1122
839.397380938932,1156
839.286786217443,1159
839.176188811519,1156
839.065588721609,1138
838.954985948164,1184
838.844380491633,1198
838.733772352464,1175
838.623161531108,1190
838.512548028014,1161
838.401931843631,1179
838.291312978408,1209
838.180691432796,1204
838.070067207243,1246
837.959440302199,1206
837.848810718113,1233
837.738178455435,1229
837.627543514614,1249
837.516905896099,1249
837.406265600341,1253
837.295622627787,1254
837.184976978889,1254
837.074328654094,1274
836.963677653854,1262
836.853023978616,1278
836.74236762883,1280
836.631708604946,1288
836.521046907413,1308
836.410382536681,1346
836.299715493199,1300
836.189045777417,1315
836.078373389783,1327
835.967698330747,1338
835.857020600759,1308
835.746340200268,1385
835.635657129724,1338
835.524971389575,1346
835.414282980272,1370
835.303591902263,1410
835.192898155998,1410
835.082201741928,1373
834.971502660499,1392
834.860800912163,1410
834.750096497369,1371
834.639389416566,1423
834.528679670203,1437
834.417967258731,1447
834.307252182598,1411
834.196534442253,1444
834.085814038147,1459
833.975090970728,1445
833.864365240447,1502
833.753636847751,1470
833.642905793092,1509
833.532172076918,1511
833.421435699678,1495
833.310696661822,1487
833.1999549638,1509
833.089210606061,1525
832.978463589054,1557
832.867713913228,1542
832.756961579034,1555
832.64620658692,1580
832.535448937336,1555
832.424688630732,1597
832.313925667556,1613
832.203160048258,1617
832.092391773288,1617
831.981620843095,1629
831.870847258128,1604
831.760071018836,1653
831.649292125671,1613
831.538510579079,1658
831.427726379512,1686
831.316939527418,1685
831.206150023246,1664
831.095357867447,1700
830.98456306047,1705
830.873765602764,1716
830.762965494778,1746
830.652162736962,1732
830.541357329765,1721
830.430549273637,1748
830.319738569027,1756
830.208925216384,1776
830.098109216158,1778
829.987290568799,1798
829.876469274755,1810
829.765645334476,1864
829.654818748412,1813
829.543989517013,1847
829.433157640726,1838
829.322323120002,1809
829.21148595529,1871
829.100646147039,1889
828.9898036957,1918
828.878958601721,1895
828.768110865552,1907
828.657260487642,1937
828.546407468441,1935
828.435551808398,1941
828.324693507962,2005
828.213832567583,2018
828.10296898771,2041
827.992102768793,2038
827.881233911281,2025
827.770362415624,2029
827.65948828227,2028
827.54861151167,2008
827.437732104272,2082
827.326850060527,2068
827.215965380883,2076
827.10507806579,2072
826.994188115697,2143
826.883295531054,2160
826.772400312311,2114
826.661502459915,2078
826.550601974318,2157
826.439698855968,2196
826.328793105315,2146
826.217884722808,2182
826.106973708897,2223
825.996060064031,2250
825.885143788659,2267
825.774224883231,2232
825.663303348197,2260
825.552379184005,2265
825.441452391105,2297
825.330522969946,2293
825.219590920979,2331
825.108656244651,2376
824.997718941414,2362
824.886779011715,2364
824.775836456005,2371
824.664891274733,2433
824.553943468348,2390
824.4429930373,2460
824.332039982039,2415
824.221084303012,2433
824.110126000671,2472
823.999165075464,2509
823.888201527841,2542
823.777235358251,2514
823.666266567144,2483
823.555295154969,2537
823.444321122175,2533
823.333344469212,2594
823.222365196529,2602
823.111383304576,2594
823.000398793802,2635
822.889411664656,2637
822.778421917588,2710
822.667429553048,2668
822.556434571484,2775
822.445436973347,2730
822.334436759085,2762
822.223433929148,2839
822.112428483985,2798
822.001420424046,2818
821.89040974978,2811
821.779396461636,2773
821.668380560065,2842
821.557362045515,2834
821.446340918435,2851
821.335317179276,2912
821.224290828487,2906
821.113261866516,2957
821.002230293814,3029
820.89119611083,2999
820.780159318013,3034
820.669119915813,3025
820.558077904679,3053
820.44703328506,3100
820.335986057406,3085
820.224936222167,3111
820.113883779791,3208
820.002828730728,3207
819.891771075427,3187
819.780710814339,3238
819.669647947912,3255
819.558582476596,3248
819.447514400839,3257
819.336443721093,3342
819.225370437805,3340
819.114294551426,3302
819.003216062404,3374
818.89213497119,3366
818.781051278232,3374
818.669964983981,3463
818.558876088884,3474
818.447784593393,3489
818.336690497955,3454
818.225593803022,3551
818.114494509041,3559
818.003392616463,3592
817.892288125737,3651
817.781181037312,3712
817.670071351638,3673
817.558959069164,3764
817.447844190339,3753
817.336726715613,3773
817.225606645436,3757
817.114483980256,3808
817.003358720524,3789
816.892230866688,3826
816.781100419198,3867
816.669967378503,3902
816.558831745053,3920
816.447693519298,3998
816.336552701685,4024
816.225409292666,4026
816.11426329269,4018
816.003114702205,4125
815.891963521661,4126
815.780809751508,4114
815.669653392195,4134
815.558494444172,4196
815.447332907887,4216
815.336168783791,4264
815.225002072332,4297
815.113832773961,4353
815.002660889125,4270
814.891486418276,4364
814.780309361862,4414
814.669129720333,4481
814.557947494138,4480
814.446762683727,4487
814.335575289549,4477
814.224385312052,4542
814.113192751688,4551
814.001997608905,4564
813.890799884152,4677
813.77959957788,4666
813.668396690536,4659
813.557191222572,4799
813.445983174436,4791
813.334772546578,4818
813.223559339446,4919
813.112343553491,4765
813.001125189162,4858
812.889904246908,4947
812.778680727179,4985
812.667454630424,5014
812.556225957092,5059
812.444994707634,5050
812.333760882497,5139
812.222524482133,5150
812.111285506989,5244
812.000043957516,5238
811.888799834163,5281
811.777553137379,5406
811.666303867615,5346
811.555052025318,5341
811.443797610939,5437
811.332540624926,5412
811.221281067731,5583
811.110018939801,5579
810.998754241586,5546
810.887486973536,5751
810.7762171361,5599
810.664944729727,5703
810.553669754868,5712
810.44239221197,5786
810.331112101484,5837
810.21982942386,5857
810.108544179545,5957
809.997256368991,5963
809.885965992646,5978
809.77467305096,6045
809.663377544382,6048
809.552079473361,6136
809.440778838347,6146
809.32947563979,6232
809.218169878138,6193
809.106861553842,6347
808.99555066735,6388
808.884237219112,6447
808.772921209578,6469
808.661602639196,6504
808.550281508417,6577
808.438957817689,6514
808.327631567462,6611
808.216302758186,6703
808.10497139031,6712
807.993637464282,6755
807.882300980554,6773
807.770961939573,6858
807.65962034179,6888
807.548276187654,6932
807.436929477615,7046
807.325580212121,6978
807.214228391622,7011
807.102874016567,7089
806.991517087407,7179
806.88015760459,7174
806.768795568565,7297
806.657430979783,7276
806.546063838693,7288
806.434694145743,7351
806.323321901384,7377
806.211947106064,7455
806.100569760234,7509
805.989189864343,7596
805.877807418839,7737
805.766422424173,7637
805.655034880793,7711
805.543644789151,7711
805.432252149693,7745
805.320856962871,7752
805.209459229133,7875
805.098058948929,7939
804.986656122709,8131
804.875250750921,7999
804.763842834015,8069
804.652432372441,8119
804.541019366647,8183
804.429603817084,8230
804.318185724201,8274
804.206765088447,8357
804.095341910272,8399
803.983916190124,8446
803.872487928454,8480
803.761057125711,8626
803.649623782344,8709
803.538187898802,8747
803.426749475536,8604
803.315308512994,8712
803.203865011626,8807
803.092418971881,8817
802.980970394208,8991
802.869519279058,8881
802.758065626879,9087
802.646609438122,9075
802.535150713234,9066
802.423689452666,9230
802.312225656867,9261
802.200759326287,9211
802.089290461375,9323
801.97781906258,9433
801.866345130352,9408
801.75486866514,9443
801.643389667393,9573
801.531908137562,9688
801.420424076095,9727
801.308937483441,9809
801.197448360051,9822
801.085956706374,9852
800.974462522858,9773
800.862965809954,9887
800.751466568111,9806
800.639964797778,10067
800.528460499405,10147
800.416953673441,10165
800.305444320335,10159
800.193932440537,10123
800.082418034497,10379
799.970901102663,10498
799.859381645485,10472
799.747859663412,10430
799.636335156895,10410
799.524808126382,10598
799.413278572323,10657
799.301746495167,10576
799.190211895363,10750
799.078674773362,10615
798.967135129612,10759
798.855592964562,10945
798.744048278663,10815
798.632501072363,10723
798.520951346113,11107
798.40939910036,11062
798.297844335556,10935
798.186287052149,11015
798.074727250589,11064
797.963164931324,11194
797.851600094805,11379
797.740032741482,11239
797.628462871802,11207
797.516890486216,11322
797.405315585173,11402
797.293738169122,11363
797.182158238514,11517
797.070575793797,11612
796.95899083542,11591
796.847403363834,11463
796.735813379487,11683
796.624220882829,11658
796.51262587431,11752
796.401028354378,11685
796.289428323484,11797
796.177825782076,11739
796.066220730604,11755
795.954613169518,11762
795.843003099267,12022
795.731390520299,11958
795.619775433066,11948
795.508157838015,12047
795.396537735597,11887
795.284915126261,12019
795.173290010456,12244
795.061662388631,12017
794.950032261237,12030
794.838399628722,12208
794.726764491536,12282
794.615126850129,12156
794.503486704949,12192
794.391844056447,12342
794.280198905071,12352
794.168551251271,12470
794.056901095496,12349
793.945248438196,12340
793.83359327982,12311
793.721935620818,12354
793.610275461639,12566
793.498612802733,12401
793.386947644547,12557
793.275279987534,12459
793.163609832141,12497
793.051937178818,12610
792.940262028015,12579
792.82858438018,12685
792.716904235764,12606
792.605221595215,12534
792.493536458983,12713
792.381848827518,12706
792.270158701269,12649
792.158466080685,12659
792.046770966216,12722
791.935073358311,12668
791.82337325742,12632
791.711670663991,12895
791.599965578475,12593
791.488258001321,12683
791.376547932978,12793
791.264835373895,12605
791.153120324523,12627
791.04140278531,12780
790.929682756705,12780
790.817960239159,12657
790.706235233121,12612
790.594507739039,12899
790.482777757365,12727
790.371045288546,12699
790.259310333032,12647
790.147572891273,12678
790.035832963718,12715
789.924090550816,12808
789.812345653017,12597
789.700598270771,12505
789.588848404527,12639
789.477096054733,12565
789.36534122184,12554
789.253583906297,12465
789.141824108554,12706
789.030061829059,12475
788.918297068262,12548
788.806529826613,12590
788.694760104561,12462
788.582987902555,12539
788.471213221046,12373
788.359436060481,12438
788.247656421311,12500
788.135874303985,12420
788.024089708953,12390
787.912302636663,12283
787.800513087566,12152
787.68872106211,12297
787.576926560746,12170
787.465129583921,12301
787.353330132087,12142
787.241528205692,12180
787.129723805186,11999
787.017916931018,12047
786.906107583638,12015
786.794295763494,11913
786.682481471037,11878
786.570664706716,11991
786.458845470979,11854
786.347023764278,11924
786.23519958706,11912
786.123372939776,11767
786.011543822874,11762
785.899712236805,11772
785.787878182017,11699
785.676041658961,11573
785.564202668085,11563
785.452361209839,11534
785.340517284671,11702
785.228670893033,11444
785.116822035373,11547
785.00497071214,11324
784.893116923784,11337
784.781260670755,11417
784.669401953501,11274
784.557540772472,11262
784.445677128118,11151
784.333811020888,11169
784.221942451231,11088
784.110071419597,11053
783.998197926435,11116
783.886321972194,11000
783.774443557325,11000
783.662562682276,10844
783.550679347497,10974
783.438793553437,10761
783.326905300545,10812
783.215014589272,10881
783.103121420066,10564
782.991225793377,10477
782.879327709654,10738
782.767427169347,10506
782.655524172905,10477
782.543618720778,10485
782.431710813414,10462
782.319800451264,10310
782.207887634776,10232
782.095972364401,10257
781.984054640587,10152
781.872134463784,10127
781.760211834441,10176
781.648286753008,10045
781.536359219934,10063
781.424429235669,9953
781.312496800662,10018
781.200561915362,9819
781.088624580219,9895
780.976684795682,9761
780.864742562201,9586
780.752797880225,9590
780.640850750203,9513
780.528901172585,9632
780.41694914782,9513
780.304994676359,9571
780.193037758649,9386
780.08107839514,9388
779.969116586283,9306
779.857152332526,9220
779.745185634318,9160
779.63321649211,9133
779.52124490635,9013
779.409270877488,8919
779.297294405973,8987
779.185315492255,8923
779.073334136784,8747
778.961350340007,8804
778.849364102376,8674
778.737375424339,8627
778.625384306347,8619
778.513390748847,8557
778.40139475229,8537
778.289396317125,8377
778.177395443801,8541
778.065392132768,8373
777.953386384476,8359
777.841378199373,8227
777.729367577909,8239
777.617354520533,8229
777.505339027696,8109
777.393321099846,8080
777.281300737432,7993
777.169277940905,7909
777.057252710713,7960
776.945225047306,7785
776.833194951133,7783
776.721162422644,7819
776.609127462289,7688
776.497090070516,7647
776.385050247774,7672
776.273007994515,7655
776.160963311185,7467
776.048916198237,7503
775.936866656118,7388
775.824814685277,7391
775.712760286166,7423
775.600703459232,7324
775.488644204925,7194
775.376582523695,7180
775.264518415991,7097
775.152451882263,7159
775.040382922959,7109
774.92831153853,6995
774.816237729424,6940
774.704161496092,6870
774.592082838982,6930
774.480001758544,6830
774.367918255227,6846
774.255832329481,6782
774.143743981755,6758
774.031653212499,6646
773.919560022161,6636
773.807464411193,6692
773.695366380041,6523
773.583265929158,6477
773.47116305899,6534
773.359057769989,6404
773.246950062603,6340
773.134839937282,6347
773.022727394475,6301
772.910612434632,6284
772.798495058202,6250
772.686375265634,6153
772.574253057378,6077
772.462128433884,6013
772.3500013956,6031
772.237871942976,5991
772.125740076462,5920
772.013605796507,5856
771.90146910356,5895
771.789329998071,5791
771.677188480489,5778
771.565044551263,5807
771.452898210844,5673
771.34074945968,5616
771.22859829822,5640
771.116444726915,5587
771.004288746213,5615
770.892130356565,5431
770.779969558419,5446
770.667806352224,5496
770.555640738431,5365
770.443472717489,5365
770.331302289846,5267
770.219129455953,5229
770.106954216259,5219
769.994776571213,5180
769.882596521265,5142
769.770414066864,5099
769.65822920846,5132
769.546041946501,5032
769.433852281438,5066
769.32166021372,5009
769.209465743795,4930
769.097268872114,4911
768.985069599127,4862
768.872867925281,4896
768.760663851027,4787
768.648457376815,4812
768.536248503093,4736
768.424037230311,4669
768.311823558918,4670
768.199607489365,4671
768.087389022099,4676
767.975168157571,4656
767.862944896231,4631
767.750719238526,4556
767.638491184908,4491
767.526260735825,4419
767.414027891726,4440
767.301792653062,4349
767.189555020281,4361
767.077314993833,4335
766.965072574167,4274
766.852827761733,4232
766.74058055698,4182
766.628330960358,4187
766.516078972316,4234
766.403824593303,4080
766.291567823769,4180
766.179308664163,4091
766.067047114934,4056
765.954783176533,4044
765.842516849408,3977
765.730248134009,3993
765.617977030785,3975
765.505703540186,3894
765.39342766266,3898
765.281149398659,3859
765.16886874863,3850
765.056585713023,3835
764.944300292288,3767
764.832012486874,3739
764.719722297231,3739
764.607429723807,3744
764.495134767053,3713
764.382837427417,3669
764.27053770535,3601
764.1582356013,3628
764.045931115718,3595
763.933624249051,3512
763.82131500175,3523
763.709003374265,3582
763.596689367044,3558
763.484372980537,3422
763.372054215193,3437
763.259733071463,3435
763.147409549794,3446
763.035083650637,3376
762.922755374441,3342
762.810424721656,3191
762.69809169273,3266
762.585756288114,3239
762.473418508256,3221
762.361078353607,3185
762.248735824615,3245
762.13639092173,3165
762.024043645401,3106
761.911693996078,3123
761.79934197421,3116
761.686987580247,3071
761.574630814637,3007
761.462271677831,2966
761.349910170278,3048
761.237546292426,3031
761.125180044727,2943
761.012811427628,2919
760.90044044158,2942
760.788067087032,2932
760.675691364432,2888
760.563313274232,2901
760.450932816879,2858
760.338549992824,2884
760.226164802516,2809
760.113777246404,2840
760.001387324938,2742
759.888995038566,2717
759.77660038774,2734
759.664203372907,2698
759.551803994517,2693
759.43940225302,2686
759.326998148866,2683
759.214591682503,2653
759.102182854381,2594
758.989771664949,2567
758.877358114657,2613
758.764942203954,2540
758.652523933289,2606
758.540103303113,2541
758.427680313874,2520
758.315254966022,2533
758.202827260006,2442
758.090397196275,2482
757.97796477528,2461
757.865529997469,2509
757.753092863292,2445
757.640653373198,2369
757.528211527637,2438
757.415767327058,2408
757.303320771911,2359
757.190871862644,2355
757.078420599708,2326
756.965966983551,2346
756.853511014623,2305
756.741052693374,2301
756.628592020253,2263
756.51612899571,2286
756.403663620193,2213
756.291195894152,2176
756.178725818037,2192
756.066253392296,2156
755.953778617381,2202
755.841301493738,2183
755.72882202182,2133
755.616340202073,2122
755.503856034949,2125
755.391369520896,2099
755.278880660364,2050
755.166389453803,2105
755.053895901661,1996
754.941400004388,2019
754.828901762433,2049
754.716401176247,2048
754.603898246277,1993
754.491392972975,2007
754.378885356788,1962
754.266375398167,1990
754.153863097561,1941
754.04134845542,1951
753.928831472192,1928
753.816312148327,1923
753.703790484275,1923
753.591266480485,1887
753.478740137406,1839
753.366211455488,1879
753.25368043518,1842
753.141147076932,1836
753.028611381193,1827
752.916073348412,1820
752.803532979039,1816
752.690990273523,1768
752.578445232314,1787
752.465897855861,1789
752.353348144614,1780
752.240796099021,1775
752.128241719533,1749
752.015685006598,1733
751.903125960667,1718
751.790564582188,1691
751.678000871611,1704
751.565434829385,1674
751.45286645596,1673
751.340295751785,1666
751.22772271731,1668
751.115147352984,1695
751.002569659256,1644
750.889989636576,1640
750.777407285393,1583
750.664822606156,1602
750.552235599316,1571
750.439646265321,1582
750.327054604621,1600
750.214460617665,1560
750.101864304903,1558
749.989265666784,1599
749.876664703757,1533
749.764061416273,1520
749.651455804779,1509
749.538847869727,1531
749.426237611564,1515
749.313625030741,1494
749.201010127707,1514
749.088392902911,1475
748.975773356803,1428
748.863151489832,1454
748.750527302447,1487
748.637900795099,1403
748.525271968236,1448
748.412640822307,1418
748.300007357763,1425
748.187371575053,1422
748.074733474625,1422
747.96209305693,1399
747.849450322417,1387
747.736805271535,1396
747.624157904734,1366
747.511508222462,1342
747.39885622517,1367
747.286201913308,1386
747.173545287323,1378
747.060886347666,1368
746.948225094786,1313
746.835561529133,1321
746.722895651155,1343
746.610227461303,1286
746.497556960026,1309
746.384884147772,1296
746.272209024993,1294
746.159531592136,1288
746.046851849652,1231
745.934169797989,1245
745.821485437598,1285
745.708798768927,1248
745.596109792426,1212
745.483418508545,1239
745.370724917732,1225
745.258029020438,1188
745.145330817111,1199
745.032630308202,1201
744.919927494158,1194
744.807222375431,1186
744.694514952469,1187
744.581805225722,1177
744.469093195639,1163
744.356378862669,1170
744.243662227262,1177
744.130943289867,1164
744.018222050935,1140
743.905498510913,1177
743.792772670252,1156
743.680044529401,1125
743.567314088809,1099
743.454581348926,1119
743.341846310201,1117
743.229108973084,1101
743.116369338024,1117
743.00362740547,1082
742.890883175872,1103
742.77813664968,1099
742.665387827341,1100
742.552636709308,1075
742.439883296027,1050
742.327127587949,1038
742.214369585524,1053
742.1016092892,1058
741.988846699427,1014
741.876081816655,1032
741.763314641333,1054
741.65054517391,1027
741.537773414836,1034
741.42499936456,994
741.312223023531,1016
741.199444392199,999
741.086663471014,997
740.973880260425,1017
740.861094760881,986
740.748306972831,1003
740.635516896725,981
740.522724533013,996
740.409929882143,959
740.297132944566,985
740.18433372073,981
740.071532211086,969
739.958728416082,966
739.845922336168,967
739.733113971792,974
739.620303323406,920
739.507490391458,948
739.394675176397,917
739.281857678674,923
739.169037898736,956
739.056215837034,942
738.943391494018,923
738.830564870136,923
738.717735965837,910
738.604904781572,901
738.49207131779,888
738.37923557494,885
738.266397553472,898
738.153557253835,885
738.040714676478,910
737.927869821851,862
737.815022690403,886
737.702173282584,881
737.589321598843,873
737.476467639629,868
737.363611405392,858
737.250752896582,857
737.137892113646,833
737.025029057037,850
736.912163727201,855
736.79929612459,845
736.686426249652,835
736.573554102836,828
736.460679684593,835
736.347802995371,826
736.23492403562,817
736.12204280579,813
736.009159306329,828
735.896273537687,798
735.783385500314,813
735.670495194659,818
735.557602621172,790
735.444707780301,802
735.331810672496,785
735.218911298208,800
735.106009657884,807
734.993105751974,798
734.880199580928,785
734.767291145196,771
734.654380445226,793
734.541467481469,777
734.428552254373,769
734.315634764387,772
734.202715011963,768
734.089792997547,780
733.976868721591,767
733.863942184544,784
733.751013386854,752
733.638082328972,742
733.525149011346,769
733.412213434427,764
733.299275598663,756
733.186335504504,743
733.0733931524,738
732.960448542799,752
732.847501676152,722
732.734552552907,730
732.621601173514,737
732.508647538423,736
732.395691648083,715
732.282733502942,720
732.169773103452,726
732.05681045006,716
731.943845543217,709
731.830878383372,709
731.717908970974,710
731.604937306473,707
731.491963390318,698
731.378987222959,693
731.266008804844,692
731.153028136424,680
731.040045218148,682
730.927060050464,680
730.814072633824,704
730.701082968675,697
730.588091055468,693
730.475096894651,687
730.362100486675,694
730.249101831988,680
730.136100931041,666
730.023097784281,693
729.91009239216,677
729.797084755126,689
729.684074873628,676
729.571062748117,669
729.458048379041,674
729.34503176685,675
729.232012911993,643
729.11899181492,639
729.00596847608,673
728.892942895922,663
728.779915074897,643
728.666885013453,646
728.55385271204,664
728.440818171106,660
728.327781391102,651
728.214742372478,647
728.101701115681,653
727.988657621163,640
727.875611889371,635
727.762563920757,647
727.649513715768,642
727.536461274855,651
727.423406598466,640
727.310349687052,635
727.197290541062,629
727.084229160944,626
726.971165547149,618
726.858099700126,636
726.745031620324,604
726.631961308193,626
726.518888764182,627
726.405813988741,629
726.292736982318,628
726.179657745364,620
726.066576278327,610
725.953492581658,601
725.840406655805,606
725.727318501218,618
725.614228118347,601
725.50113550764,601
725.388040669547,599
725.274943604519,603
725.161844313003,603
725.048742795449,606
724.935639052308,607
724.822533084027,603
724.709424891058,587
724.596314473848,603
724.483201832848,602
724.370086968506,596
724.256969881274,590
724.143850571598,604
724.03072903993,585
723.917605286718,586
723.804479312412,588
723.691351117462,584
723.578220702316,591
723.465088067425,578
723.351953213237,575
723.238816140202,586
723.125676848769,577
723.012535339388,574
722.899391612508,579
722.786245668579,586
722.67309750805,579
722.55994713137,579
722.44679453899,573
722.333639731357,581
722.220482708922,572
722.107323472134,560
721.994162021443,572
721.880998357297,564
721.767832480147,567
721.654664390441,563
721.54149408863,565
721.428321575162,563
721.315146850487,574
721.201969915054,558
721.088790769313,546
720.975609413713,556
720.862425848704,563
720.749240074735,557
720.636052092254,555
720.522861901713,549
720.40966950356,556
720.296474898245,557
720.183278086216,536
720.070079067924,550
719.956877843818,557
719.843674414347,563
719.730468779961,551
719.617260941109,539
719.50405089824,555
719.390838651804,554
719.27762420225,547
719.164407550028,539
719.051188695587,550
718.937967639377,552
718.824744381846,550
718.711518923445,539
718.598291264623,542
718.485061405829,535
718.371829347512,538
718.258595090122,537
718.145358634109,548
718.032119979921,545
717.918879128008,542
717.805636078821,544
717.692390832807,535
717.579143390416,541
717.465893752099,556
717.352641918303,525
717.23938788948,532
717.192686488117,538
717.080082492706,543
716.967476051938,552
716.854867166488,529
716.742255837034,545
716.62964206425,550
716.517025848815,538
716.404407191403,539
716.291786092692,539
716.179162553357,538
716.066536574075,530
715.953908155523,531
715.841277298376,530
715.728644003311,539
715.616008271005,535
715.503370102133,517
715.390729497372,525
715.278086457398,529
715.165440982887,533
715.052793074517,529
714.940142732962,531
714.827489958901,527
714.714834753008,528
714.60217711596,530
714.489517048433,524
714.376854551105,531
714.26418962465,536
714.151522269746,523
714.038852487069,528
713.926180277294,529
713.8135056411,527
713.70082857916,517
713.588149092153,530
713.475467180754,516
713.36278284564,530
713.250096087487,521
713.137406906971,519
713.024715304769,516
712.912021281557,522
712.799324838011,524
712.686625974808,515
712.573924692624,514
712.461220992134,522
712.348514874017,523
712.235806338947,510
712.123095387602,511
712.010382020657,520
711.897666238789,518
711.784948042674,518
711.672227432989,510
711.559504410409,531
711.446778975612,511
711.334051129272,515
711.221320872068,509
711.108588204675,524
710.99585312777,508
710.883115642028,517
710.770375748126,519
710.65763344674,500
710.544888738548,512
710.432141624224,507
710.319392104446,505
710.206640179889,509
710.09388585123,511
709.981129119146,504
709.868369984312,502
709.755608447405,500
709.642844509102,510
709.530078170078,504
709.41730943101,508
709.304538292574,523
709.191764755447,513
709.078988820305,501
708.966210487824,495
708.85342975868,504
708.74064663355,506
708.627861113111,512
708.515073198038,505
708.402282889008,509
708.289490186697,497
708.176695091781,497
708.063897604937,507
707.951097726841,498
707.83829545817,505
707.725490799599,489
707.612683751806,501
707.499874315466,504
707.387062491256,490
707.274248279851,504
707.161431681929,497
707.048612698166,492
706.935791329237,495
706.82296757582,500
706.710141438591,490
706.597312918225,495
706.4844820154,485
706.371648730792,494
706.258813065076,490
706.14597501893,498
706.033134593029,495
705.92029178805,497
705.807446604669,493
705.694599043563,496
705.581749105407,493
705.468896790879,498
705.356042100654,495
705.24318503541,494
705.130325595821,501
705.017463782564,489
704.904599596317,490
704.791733037754,493
704.678864107553,498
704.56599280639,483
704.453119134941,492
704.340243093882,494
704.22736468389,490
704.114483905641,491
704.001600759811,481
703.888715247077,497
703.775827368115,491
703.662937123601,499
703.550044514212,487
703.437149540623,496
703.324252203512,490
703.211352503555,485
703.098450441428,494
702.985546017806,488
702.872639233368,489
702.759730088788,485
702.646818584743,492
702.53390472191,489
702.420988500965,488
702.308069922584,481
702.195148987444,492
702.08222569622,490
701.969300049589,491
701.856372048228,484
701.743441692813,484
701.63050898402,476
701.517573922525,490
701.404636509005,482
701.291696744135,481
701.178754628594,487
701.065810163056,483
700.952863348198,493
700.839914184696,492
700.726962673227,488
700.614008814467,491
700.501052609093,490
700.38809405778,484
700.275133161205,483
700.162169920044,490
700.049204334974,484
699.93623640667,483
699.82326613581,482
699.71029352307,485
699.597318569125,486
699.484341274653,485
699.371361640329,488
699.25837966683,491
699.145395354832,477
699.032408705011,478
698.919419718045,480
698.806428394608,474
698.693434735378,488
698.580438741031,475
698.467440412243,486
698.35443974969,488
698.241436754049,477
698.128431425996,483
698.015423766207,474
697.902413775359,483
697.789401454129,483
697.676386803191,482
697.563369823223,479
697.450350514902,476
697.337328878902,483
697.224304915901,485
697.111278626575,486
696.9982500116,486
696.885219071653,481
696.77218580741,480
696.659150219547,478
696.54611230874,478
696.433072075667,483
696.320029521002,476
696.206984645423,479
696.093937449606,477
695.980887934228,476
695.867836099963,475
695.75478194749,479
695.641725477483,477
695.52866669062,469
695.415605587577,481
695.30254216903,474
695.189476435655,481
695.076408388129,485
694.963338027128,477
694.850265353328,474
694.737190367406,476
694.624113070039,477
694.511033461901,479
694.39795154367,475
694.284867316022,478
694.171780779634,481
694.058691935181,474
693.94560078334,472
693.832507324787,472
693.719411560199,472
693.606313490252,475
693.493213115622,474
693.380110436985,487
693.267005455018,478
693.153898170398,484
693.0407885838,476
692.927676695901,479
692.814562507377,477
692.701446018905,480
692.58832723116,478
692.47520614482,481
692.362082760559,472
692.248957079056,477
692.135829100986,474
692.022698827025,478
691.90956625785,480
691.796431394137,474
691.683294236562,470
691.570154785803,474
691.457013042534,472
691.343869007432,474
691.230722681174,473
691.117574064436,475
691.004423157894,477
690.891269962225,471
690.778114478105,474
690.66495670621,476
690.551796647217,477
690.438634301801,475
690.32546967064,470
690.21230275441,474
690.099133553786,472
689.985962069445,481
689.872788302064,478
689.759612252319,475
689.646433920886,466
689.533253308442,475
689.420070415662,469
689.306885243223,476
689.193697791802,479
689.080508062075,469
688.967316054717,469
688.854121770406,474
688.740925209818,476
688.627726373629,475
688.514525262515,476
688.401321877153,471
688.288116218219,479
688.174908286389,473
688.06169808234,473
687.948485606748,477
687.835270860289,470
687.72205384364,476
687.608834557476,467
687.495613002475,469
687.382389179313,470
687.269163088665,476
687.155934731209,473
687.04270410762,474
686.929471218575,473
686.81623606475,475
686.702998646822,468
686.589758965467,471
686.47651702136,468
686.36327281518,470
686.250026347601,477
686.1367776193,470
686.023526630953,465
685.910273383238,468
685.797017876829,465
685.683760112404,472
685.570500090638,474
685.457237812209,472
685.343973277792,473
685.230706488063,468
685.1174374437,474
685.004166145378,475
684.890892593774,469
684.777616789563,472
684.664338733423,463
684.551058426029,471
684.437775868059,469
684.324491060188,475
684.211204003092,480
684.097914697448,466
683.984623143932,474
683.871329343221,469
683.758033295991,472
683.644735002918,466
683.531434464678,467
683.418131681949,474
683.304826655405,469
683.191519385724,466
683.078209873582,466
682.964898119655,467
682.851584124619,469
682.738267889151,470
682.624949413927,468
682.511628699623,467
682.398305746917,469
682.284980556483,471
682.171653128999,476
682.05832346514,464
681.944991565583,468
681.831657431005,465
681.718321062081,466
681.604982459488,467
681.491641623903,470
681.378298556001,470
681.264953256459,474
681.151605725953,469
681.03825596516,467
680.924903974756,474
680.811549755417,482
680.698193307819,468
680.58483463264,469
680.471473730554,467
680.358110602239,469
680.244745248371,474
680.131377669627,469
680.018007866681,465
679.904635840211,471
679.791261590894,470
679.677885119405,468
679.56450642642,469
679.451125512617,470
679.337742378671,476
679.224357025259,467
679.110969453057,477
678.997579662741,472
678.884187654988,462
678.770793430473,465
678.657396989875,474
678.543998333867,479
678.430597463128,469
678.317194378333,464
678.203789080159,469
678.090381569282,466
677.976971846378,470
677.863559912123,469
677.750145767194,472
677.636729412268,465
677.52331084802,468
677.409890075127,471
677.296467094265,467
677.183041906111,469
677.06961451134,469
676.95618491063,464
676.842753104656,471
676.729319094095,465
676.615882879623,467
676.502444461916,468
676.389003841651,469
676.275561019504,468
676.162115996152,472
676.04866877227,471
675.935219348535,470
675.821767725624,466
675.708313904213,466
675.594857884977,471
675.481399668594,469
675.367939255739,464
675.254476647089,472
675.141011843321,467
675.02754484511,465
674.914075653133,465
674.800604268066,469
674.687130690586,467
674.573654921369,463
674.460176961091,462
674.346696810429,466
674.233214470058,476
674.119729940656,475
674.006243222898,465
673.892754317461,463
673.779263225021,470
673.665769946254,471
673.552274481837,466
673.438776832447,466
673.325276998759,466
673.211774981449,467
673.098270781195,465
672.984764398672,466
672.871255834557,460
672.757745089525,473
672.644232164255,464
672.53071705942,473
672.417199775699,465
672.303680313767,468
672.190158674301,468
672.076634857976,469
671.963108865471,472
671.849580697459,470
671.736050354619,468
671.622517837625,465
671.508983147156,471
671.395446283886,470
671.281907248492,466
671.168366041651,474
671.054822664039,464
670.941277116332,466
670.827729399206,464
670.714179513339,465
670.600627459405,467
670.487073238082,465
670.373516850046,465
670.259958295972,473
670.146397576538,465
670.03283469242,463
669.919269644294,471
669.805702432837,469
669.692133058724,465
669.578561522632,464
669.464987825237,464
669.351411967216,465
669.237833949245,471
669.124253772001,470
669.010671436159,462
668.897086942396,465
668.783500291388,465
668.669911483812,463
668.556320520344,466
668.44272740166,473
668.329132128437,469
668.21553470135,464
668.101935121077,470
667.988333388293,461
667.874729503675,465
667.761123467899,463
667.647515281642,467
667.533904945579,462
667.420292460388,466
667.306677826744,470
667.193061045324,464
667.079442116804,462
666.965821041861,466
666.85219782117,466
666.738572455408,467
666.624944945252,470
666.511315291377,470
666.39768349446,465
666.284049555178,459
666.170413474206,463
666.056775252222,464
665.9431348899,465
665.829492387919,472
665.715847746953,464
665.60220096768,465
665.488552050775,463
665.374900996915,466
665.261247806776,462
665.147592481035,463
665.033935020367,462
664.92027542545,469
664.80661369696,459
664.692949835572,470
664.579283841964,468
664.46561571681,472
664.351945460789,467
664.238273074576,470
664.124598558847,468
664.010921914279,467
663.897243141549,463
663.783562241331,463
663.669879214304,464
663.556194061142,461
663.442506782523,464
663.328817379122,472
663.215125851617,471
663.101432200683,467
662.987736426996,466
662.874038531234,464
662.760338514072,466
662.646636376186,467
662.532932118253,464
662.41922574095,463
662.305517244952,466
662.191806630936,464
662.078093899579,471
661.964379051556,465
661.850662087544,460
661.736943008219,466
661.623221814257,469
661.509498506336,468
661.39577308513,464
661.282045551317,463
661.168315905573,467
661.054584148574,464
660.940850280997,466
660.827114303517,465
660.713376216811,470
660.599636021556,463
660.485893718427,462
660.372149308102,465
660.258402791256,462
660.144654168565,470
660.030903440707,465
659.917150608357,459
659.803395672191,464
659.689638632887,464
659.57587949112,461
659.462118247566,467
659.348354902903,464
659.234589457805,467
659.120821912951,461
659.007052269015,464
658.893280526675,466
658.779506686606,465
658.665730749484,466
658.551952715988,461
658.438172586791,465
658.324390362572,465
658.210606044005,460
658.096819631768,465
657.983031126537,470
657.869240528988,469
657.755447839798,460
657.641653059642,465
657.527856189197,467
657.41405722914,461
657.300256180146,463
657.186453042893,465
657.072647818056,466
656.958840506311,466
656.845031108336,465
656.731219624806,458
656.617406056397,467
656.503590403787,463
656.389772667651,472
656.275952848665,462
656.162130947507,461
656.048306964851,458
655.934480901376,463
655.820652757756,459
655.706822534668,462
655.592990232789,464
655.479155852795,460
655.365319395362,462
655.251480861167,464
655.137640250885,469
655.023797565194,465
654.909952804769,467
654.796105970287,459
654.682257062424,464
654.568406081856,466
654.45455302926,459
654.340697905312,466
654.226840710689,460
654.112981446066,463
653.999120112121,460
653.885256709529,464
653.771391238966,463
653.65752370111,462
653.543654096636,465
653.42978242622,458
653.31590869054,463
653.20203289027,467
653.088155026089,461
652.974275098671,462
652.860393108694,458
652.746509056833,460
652.632622943765,464
652.518734770166,461
652.404844536713,461
652.290952244082,464
652.177057892949,462
652.06316148399,466
651.949263017882,467
651.835362495302,465
651.721459916925,465
651.607555283427,465
651.493648595486,460
651.379739853778,472
651.265829058978,462
651.151916211763,463
651.038001312809,464
650.924084362793,466
650.810165362392,469
650.69624431228,465
650.582321213136,462
650.468396065634,461
650.354468870452,460
650.240539628265,462
650.12660833975,460
650.012675005584,457
649.898739626442,464
649.784802203001,460
649.670862735938,461
649.556921225928,464
649.442977673648,460
649.329032079774,459
649.215084444982,465
649.10113476995,461
648.987183055353,471
648.873229301867,462
648.759273510169,462
648.645315680935,466
648.531355814842,458
648.417393912565,459
648.303429974782,467
648.189464002168,463
648.075495995399,461
647.961525955154,467
647.847553882106,461
647.733579776933,461
647.619603640311,462
647.505625472916,464
647.391645275425,464
647.277663048514,462
647.16367879286,467
647.049692509138,458
646.935704198025,460
646.821713860197,465
646.707721496331,458
646.593727107103,462
646.479730693189,457
646.365732255266,463
646.251731794009,459
646.137729310096,465
646.023724804203,462
645.909718277005,463
645.795709729179,459
645.681699161402,460
645.56768657435,466
645.453671968699,463
645.339655345125,463
645.225636704306,463
645.111616046916,465
644.997593373632,464
644.883568685132,467
644.76954198209,464
644.655513265184,464
644.54148253509,466
644.427449792484,468
644.313415038042,467
644.199378272441,464
644.085339496356,462
643.971298710465,466
643.857255915444,459
643.743211111969,470
643.629164300716,461
643.515115482361,460
643.401064657582,463
643.287011827054,466
643.172956991453,464
643.058900151456,465
642.94484130774,459
642.83078046098,464
642.716717611853,462
642.602652761035,460
642.488585909202,463
642.374517057032,462
642.260446205199,457
642.146373354381,469
642.032298505254,460
641.918221658494,466
641.804142814777,464
641.69006197478,464
641.575979139179,459
641.461894308651,462
641.347807483871,464
641.233718665516,464
641.119627854263,464
641.005535050787,462
640.891440255766,462
640.777343469874,466
640.66324469379,465
640.549143928188,463
640.435041173745,464
640.320936431139,460
640.206829701044,461
640.092720984137,460
639.978610281095,465
639.864497592594,466
639.75038291931,461
639.636266261919,469
639.522147621099,467
639.408026997524,463
639.293904391872,464
639.179779804819,464
639.065653237041,464
638.951524689215,465
638.837394162016,464
638.723261656122,462
638.609127172207,466
638.49499071095,461
638.380852273026,463
638.266711859111,464
638.152569469881,467
638.038425106014,463
637.924278768185,463
637.810130457071,462
637.695980173348,462
637.581827917692,463
637.46767369078,462
637.353517493288,461
637.239359325892,461
637.125199189268,461
637.011037084094,466
636.896873011045,460
636.782706970797,461
636.668538964027,463
636.554368991412,459
636.440197053627,469
636.326023151349,462
636.211847285254,464
636.097669456018,470
635.983489664319,463
635.869307910831,468
635.755124196232,460
635.640938521198,462
635.526750886405,455
635.412561292529,462
635.298369740247,467
635.184176230235,459
635.069980763169,464
634.955783339727,462
634.841583960583,461
634.727382626415,464
634.613179337898,462
634.498974095709,459
634.384766900525,457
634.270557753021,464
634.156346653874,464
634.04213360376,464
633.927918603356,460
633.813701653338,464
633.699482754383,462
633.585261907165,463
633.471039112363,465
633.356814370652,465
633.242587682708,458
633.128359049208,466
633.014128470829,460
632.899895948246,461
632.785661482135,457
632.671425073174,463
632.557186722039,463
632.442946429405,463
632.328704195949,462
632.214460022348,461
632.100213909277,466
631.985965857413,465
631.871715867433,460
631.757463940013,461
631.643210075828,465
631.528954275556,464
631.414696539873,462
631.300436869454,463
631.186175264977,459
631.071911727118,456
630.957646256552,463
630.843378853957,461
630.729109520008,460
630.614838255383,461
630.500565060756,458
630.386289936805,453
630.272012884206,458
630.157733903635,463
630.043452995769,466
629.929170161283,459
629.814885400855,465
629.70059871516,459
629.586310104875,458
629.472019570676,460
629.35772711324,466
629.243432733242,459
629.12913643136,462
629.014838208269,465
628.900538064645,465
628.786236001166,462
628.671932018507,461
628.557626117345,469
628.443318298356,459
628.329008562216,461
628.214696909602,459
628.10038334119,461
627.986067857656,462
627.871750459676,464
627.757431147928,463
627.643109923087,463
627.52878678583,462
627.414461736832,460
627.300134776771,464
627.185805906322,463
627.071475126162,457
626.957142436968,457
626.842807839415,464
626.728471334179,461
626.614132921938,459
626.499792603368,466
626.385450379144,463
626.271106249943,467
626.156760216442,464
626.042412279317,456
625.928062439243,459
625.813710696898,461
625.699357052958,462
625.585001508099,463
625.470644062997,466
625.356284718329,463
625.241923474771,460
625.127560332999,461
625.01319529369,468
624.89882835752,462
624.784459525166,460
624.670088797302,466
624.555716174607,462
624.441341657756,466
624.326965247426,460
624.212586944293,462
624.098206749033,467
623.983824662322,469
623.869440684837,462
623.755054817255,472
623.640667060251,460
623.526277414502,456
623.411885880684,461
623.297492459473,460
623.183097151547,468
623.06869995758,458
622.95430087825,453
622.839899914233,463
622.725497066204,465
622.611092334841,466
622.49668572082,461
622.382277224817,464
622.267866847509,463
622.153454589571,455
622.03904045168,458
621.924624434512,466
621.810206538744,465
621.695786765052,459
621.581365114113,464
621.466941586601,461
621.352516183195,465
621.238088904571,461
621.123659751403,461
621.00922872437,466
620.894795824147,464
620.780361051411,453
620.665924406837,465
620.551485891102,461
620.437045504883,458
620.322603248856,463
620.208159123697,461
620.093713130083,460
619.979265268689,460
619.864815540193,464
619.75036394527,460
619.635910484596,462
619.521455158849,462
619.406997968704,463
619.292538914838,469
619.178077997927,461
619.063615218648,458
618.949150577676,460
618.834684075688,460
618.72021571336,459
618.605745491369,463
618.491273410391,465
618.376799471102,464
618.262323674179,461
618.147846020298,461
618.033366510135,464
617.918885144367,464
617.80440192367,462
617.68991684872,460
617.575429920193,462
617.460941138766,461
617.346450505116,457
617.231958019918,464
617.117463683849,457
617.002967497585,460
616.888469461802,467
616.773969577178,458
616.659467844387,462
616.544964264107,460
616.430458837013,461
616.315951563783,461
616.201442445092,467
616.086931481617,458
615.972418674034,456
615.857904023019,465
615.743387529249,461
615.6288691934,463
615.514349016149,464
615.39982699817,461
615.285303140142,464
615.170777442741,463
615.056249906641,454
614.941720532521,471
614.827189321056,465
614.712656272923,470
614.598121388797,469
614.483584669356,463
614.369046115276,460
614.254505727232,460
614.139963505901,456
614.02541945196,461
613.910873566085,466
613.796325848952,464
613.681776301237,465
613.567224923617,460
613.452671716768,462
613.338116681367,467
613.223559818089,466
613.109001127612,464
612.994440610611,462
612.879878267763,465
612.765314099743,464
612.65074810723,465
612.536180290897,458
612.421610651423,463
612.307039189483,464
612.192465905754,460
612.077890800912,463
611.963313875633,463
611.848735130594,462
611.73415456647,456
611.619572183939,466
611.504987983676,464
611.390401966359,459
611.275814132662,466
611.161224483263,463
611.046633018838,460
610.932039740064,461
610.817444647615,463
610.70284774217,461
610.588249024404,461
610.473648494993,462
610.359046154614,460
610.244442003943,460
610.129836043656,464
610.01522827443,463
609.900618696942,463
609.786007311866,459
609.671394119881,461
609.556779121661,463
609.442162317884,464
609.327543709226,463
609.212923296362,464
609.09830107997,466
608.983677060726,459
608.869051239305,463
608.754423616385,463
608.639794192641,469
608.525162968751,459
608.410529945389,461
608.295895123233,459
608.181258502959,468
608.066620085244,462
607.951979870763,456
607.837337860192,463
607.722694054209,462
607.608048453489,466
607.49340105871,461
607.378751870546,459
607.264100889675,458
607.149448116772,461
607.034793552515,463
606.920137197579,457
606.805479052641,463
606.690819118377,456
606.576157395464,467
606.461493884577,462
606.346828586393,462
606.232161501589,460
606.11749263084,458
606.002821974823,465
605.888149534214,461
605.773475309691,462
605.658799301928,464
605.544121511602,467
605.42944193939,461
605.314760585968,462
605.200077452012,467
605.085392538199,471
604.970705845205,462
604.856017373706,458
604.741327124378,461
604.626635097899,461
604.511941294943,466
604.397245716188,459
604.28254836231,462
604.167849233985,462
604.053148331889,461
603.9384456567,460
603.823741209092,464
603.709034989743,466
603.594326999328,463
603.479617238525,459
603.364905708009,468
603.250192408456,454
603.135477340544,461
603.020760504948,470
602.906041902345,457
602.791321533411,463
602.676599398822,467
602.561875499255,466
602.447149835385,459
602.33242240789,464
602.217693217446,461
602.102962264729,455
601.988229550414,462
601.87349507518,461
601.758758839701,460
601.644020844655,470
601.529281090716,465
601.414539578563,461
601.299796308871,458
601.185051282317,467
601.070304499576,468
600.955555961326,461
600.840805668242,460
600.726053621,465
600.611299820278,468
600.496544266752,467
600.381786961097,466
600.26702790399,460
600.152267096107,462
600.037504538125,462
