Labels,Decay28,
Type,Time Scan,
Comment,,
Start,0.00,
Stop,4995.117200,
Step,4.8828125,
Fixed/Offset,,
XAxis,Time,
YAxis,Counts,

0.00,0.00000000E+0,
4.8828125,0.00000000E+0,
9.7656250,0.00000000E+0,
14.648438,0.00000000E+0,
19.531250,0.00000000E+0,
24.414063,0.00000000E+0,
29.296875,0.00000000E+0,
34.179688,0.00000000E+0,
39.06250,1.00000000E+0,
43.945313,1.40000000E+1,
48.828125,1.30000000E+1,
53.710938,1.00000000E+1,
58.593750,2.20000000E+1,
63.476563,9.00000000E+0,
68.359375,1.60000000E+1,
73.242188,2.93000000E+2,
78.1250,3.13000000E+2,
83.007813,2.79000000E+2,
87.890625,2.89000000E+2,
92.773438,2.57000000E+2,
97.656250,2.25000000E+2,
102.539060,2.49000000E+2,
107.421880,2.45000000E+2,
112.304690,2.27000000E+2,
117.187500,2.44000000E+2,
122.070310,2.38000000E+2,
126.953130,2.34000000E+2,
131.835940,2.28000000E+2,
136.718750,2.55000000E+2,
141.601560,2.26000000E+2,
146.484380,2.33000000E+2,
151.367190,1.96000000E+2,
156.2500,2.16000000E+2,
161.132810,2.15000000E+2,
166.015630,1.89000000E+2,
170.898440,2.02000000E+2,
175.781250,1.88000000E+2,
180.664060,2.05000000E+2,
185.546880,2.16000000E+2,
190.429690,2.07000000E+2,
195.312500,1.94000000E+2,
200.195310,2.12000000E+2,
205.078130,2.04000000E+2,
209.960940,2.15000000E+2,
214.843750,2.08000000E+2,
219.726560,2.20000000E+2,
224.609380,2.28000000E+2,
229.492190,1.96000000E+2,
234.37500,2.18000000E+2,
239.257810,2.25000000E+2,
244.140630,2.10000000E+2,
249.023440,1.90000000E+2,
253.906250,1.81000000E+2,
258.789060,1.87000000E+2,
263.671880,2.02000000E+2,
268.554690,2.00000000E+2,
273.437500,2.25000000E+2,
278.320310,1.93000000E+2,
283.203130,1.85000000E+2,
288.085940,2.22000000E+2,
292.968750,1.88000000E+2,
297.851560,1.77000000E+2,
302.734380,1.96000000E+2,
307.617190,1.80000000E+2,
312.500,1.96000000E+2,
317.382810,2.07000000E+2,
322.265630,1.85000000E+2,
327.148440,1.93000000E+2,
332.031250,1.88000000E+2,
336.914060,1.80000000E+2,
341.796880,1.92000000E+2,
346.679690,1.87000000E+2,
351.562500,1.76000000E+2,
356.445310,1.96000000E+2,
361.328130,1.49000000E+2,
366.210940,1.89000000E+2,
371.093750,1.75000000E+2,
375.976560,1.96000000E+2,
380.859380,1.72000000E+2,
385.742190,1.95000000E+2,
390.62500,1.73000000E+2,
395.507810,1.81000000E+2,
400.390630,1.86000000E+2,
405.273440,1.85000000E+2,
410.156250,1.74000000E+2,
415.039060,1.77000000E+2,
419.921880,1.67000000E+2,
424.804690,1.92000000E+2,
429.687500,1.87000000E+2,
434.570310,1.78000000E+2,
439.453130,1.69000000E+2,
444.335940,1.97000000E+2,
449.218750,1.77000000E+2,
454.101560,1.83000000E+2,
458.984380,1.80000000E+2,
463.867190,1.89000000E+2,
468.7500,1.74000000E+2,
473.632810,1.64000000E+2,
478.515630,1.67000000E+2,
483.398440,1.99000000E+2,
488.281250,1.83000000E+2,
493.164060,1.64000000E+2,
498.046880,1.76000000E+2,
502.929690,1.59000000E+2,
507.812500,1.50000000E+2,
512.695310,1.71000000E+2,
517.578130,1.73000000E+2,
522.460940,1.63000000E+2,
527.343750,1.66000000E+2,
532.226560,1.61000000E+2,
537.109380,1.60000000E+2,
541.992190,1.59000000E+2,
546.87500,1.48000000E+2,
551.757810,1.66000000E+2,
556.640630,1.63000000E+2,
561.523440,1.57000000E+2,
566.406250,1.50000000E+2,
571.289060,1.54000000E+2,
576.171880,1.61000000E+2,
581.054690,1.66000000E+2,
585.937500,1.70000000E+2,
590.820310,1.74000000E+2,
595.703130,1.73000000E+2,
600.585940,1.47000000E+2,
605.468750,1.74000000E+2,
610.351560,1.70000000E+2,
615.234380,1.53000000E+2,
620.117190,1.41000000E+2,
625.00,1.57000000E+2,
629.882810,1.55000000E+2,
634.765630,1.53000000E+2,
639.648440,1.57000000E+2,
644.531250,1.39000000E+2,
649.414060,1.49000000E+2,
654.296880,1.73000000E+2,
659.179690,1.42000000E+2,
664.062500,1.52000000E+2,
668.945310,1.55000000E+2,
673.828130,1.34000000E+2,
678.710940,1.59000000E+2,
683.593750,1.50000000E+2,
688.476560,1.56000000E+2,
693.359380,1.40000000E+2,
698.242190,1.41000000E+2,
703.12500,1.32000000E+2,
708.007810,1.38000000E+2,
712.890630,1.43000000E+2,
717.773440,1.45000000E+2,
722.656250,1.32000000E+2,
727.539060,1.50000000E+2,
732.421880,1.55000000E+2,
737.304690,1.52000000E+2,
742.187500,1.59000000E+2,
747.070310,1.46000000E+2,
751.953130,1.40000000E+2,
756.835940,1.39000000E+2,
761.718750,1.45000000E+2,
766.601560,1.49000000E+2,
771.484380,1.26000000E+2,
776.367190,1.41000000E+2,
781.2500,1.60000000E+2,
786.132810,1.35000000E+2,
791.015630,1.60000000E+2,
795.898440,1.32000000E+2,
800.781250,1.16000000E+2,
805.664060,1.19000000E+2,
810.546880,1.22000000E+2,
815.429690,1.47000000E+2,
820.312500,1.15000000E+2,
825.195310,1.65000000E+2,
830.078130,1.44000000E+2,
834.960940,1.41000000E+2,
839.843750,1.41000000E+2,
844.726560,1.33000000E+2,
849.609380,1.36000000E+2,
854.492190,1.35000000E+2,
859.37500,1.13000000E+2,
864.257810,1.44000000E+2,
869.140630,1.51000000E+2,
874.023440,1.35000000E+2,
878.906250,1.35000000E+2,
883.789060,1.45000000E+2,
888.671880,1.14000000E+2,
893.554690,1.22000000E+2,
898.437500,1.33000000E+2,
903.320310,1.36000000E+2,
908.203130,1.27000000E+2,
913.085940,1.15000000E+2,
917.968750,1.29000000E+2,
922.851560,1.25000000E+2,
927.734380,1.28000000E+2,
932.617190,1.27000000E+2,
937.500,1.16000000E+2,
942.382810,1.31000000E+2,
947.265630,1.22000000E+2,
952.148440,1.23000000E+2,
957.031250,1.32000000E+2,
961.914060,1.27000000E+2,
966.796880,1.15000000E+2,
971.679690,1.24000000E+2,
976.562500,1.33000000E+2,
981.445310,1.24000000E+2,
986.328130,1.08000000E+2,
991.210940,1.36000000E+2,
996.093750,1.41000000E+2,
1000.976600,1.24000000E+2,
1005.859400,1.16000000E+2,
1010.742200,1.24000000E+2,
1015.625000,1.23000000E+2,
1020.507800,1.22000000E+2,
1025.390600,1.51000000E+2,
1030.273400,1.24000000E+2,
1035.156300,1.23000000E+2,
1040.039100,9.60000000E+1,
1044.921900,1.30000000E+2,
1049.804700,1.12000000E+2,
1054.687500,1.07000000E+2,
1059.57000,1.32000000E+2,
1064.453100,1.27000000E+2,
1069.335900,1.16000000E+2,
1074.218800,1.25000000E+2,
1079.101600,1.26000000E+2,
1083.984400,1.19000000E+2,
1088.867200,1.39000000E+2,
1093.75000,1.00000000E+2,
1098.632800,1.09000000E+2,
1103.515600,1.13000000E+2,
1108.398400,1.09000000E+2,
1113.281300,1.31000000E+2,
1118.164100,1.24000000E+2,
1123.046900,1.15000000E+2,
1127.93000,1.11000000E+2,
1132.812500,1.26000000E+2,
1137.695300,1.14000000E+2,
1142.578100,1.26000000E+2,
1147.460900,9.40000000E+1,
1152.343800,1.30000000E+2,
1157.226600,1.03000000E+2,
1162.109400,1.05000000E+2,
1166.992200,1.05000000E+2,
1171.875000,1.34000000E+2,
1176.757800,1.26000000E+2,
1181.640600,1.09000000E+2,
1186.523400,1.07000000E+2,
1191.406300,1.13000000E+2,
1196.289100,1.16000000E+2,
1201.171900,1.00000000E+2,
1206.054700,1.14000000E+2,
1210.937500,1.12000000E+2,
1215.82000,1.18000000E+2,
1220.703100,1.19000000E+2,
1225.585900,1.21000000E+2,
1230.468800,9.20000000E+1,
1235.351600,9.40000000E+1,
1240.234400,1.12000000E+2,
1245.117200,1.12000000E+2,
1250.00,1.01000000E+2,
1254.882800,1.05000000E+2,
1259.765600,9.50000000E+1,
1264.648400,8.50000000E+1,
1269.531300,1.06000000E+2,
1274.414100,1.02000000E+2,
1279.296900,9.50000000E+1,
1284.18000,9.50000000E+1,
1289.062500,1.02000000E+2,
1293.945300,9.60000000E+1,
1298.828100,8.20000000E+1,
1303.710900,1.17000000E+2,
1308.593800,1.13000000E+2,
1313.476600,1.14000000E+2,
1318.359400,9.80000000E+1,
1323.242200,1.02000000E+2,
1328.125000,1.02000000E+2,
1333.007800,1.01000000E+2,
1337.890600,1.06000000E+2,
1342.773400,8.60000000E+1,
1347.656300,1.04000000E+2,
1352.539100,1.03000000E+2,
1357.421900,1.00000000E+2,
1362.304700,9.20000000E+1,
1367.187500,8.50000000E+1,
1372.07000,9.50000000E+1,
1376.953100,1.16000000E+2,
1381.835900,1.12000000E+2,
1386.718800,1.11000000E+2,
1391.601600,9.40000000E+1,
1396.484400,1.07000000E+2,
1401.367200,8.60000000E+1,
1406.25000,1.01000000E+2,
1411.132800,8.80000000E+1,
1416.015600,9.30000000E+1,
1420.898400,1.06000000E+2,
1425.781300,1.02000000E+2,
1430.664100,9.40000000E+1,
1435.546900,8.20000000E+1,
1440.43000,1.04000000E+2,
1445.312500,9.60000000E+1,
1450.195300,9.80000000E+1,
1455.078100,8.10000000E+1,
1459.960900,9.90000000E+1,
1464.843800,9.90000000E+1,
1469.726600,8.20000000E+1,
1474.609400,8.20000000E+1,
1479.492200,7.90000000E+1,
1484.375000,1.01000000E+2,
1489.257800,9.20000000E+1,
1494.140600,1.08000000E+2,
1499.023400,7.10000000E+1,
1503.906300,1.05000000E+2,
1508.789100,9.40000000E+1,
1513.671900,1.11000000E+2,
1518.554700,7.80000000E+1,
1523.437500,9.40000000E+1,
1528.32000,8.10000000E+1,
1533.203100,7.50000000E+1,
1538.085900,8.70000000E+1,
1542.968800,9.40000000E+1,
1547.851600,8.90000000E+1,
1552.734400,9.00000000E+1,
1557.617200,9.60000000E+1,
1562.5000,8.50000000E+1,
1567.382800,7.00000000E+1,
1572.265600,9.30000000E+1,
1577.148400,7.60000000E+1,
1582.031300,1.06000000E+2,
1586.914100,9.00000000E+1,
1591.796900,9.20000000E+1,
1596.68000,6.50000000E+1,
1601.562500,8.60000000E+1,
1606.445300,8.00000000E+1,
1611.328100,9.20000000E+1,
1616.210900,9.20000000E+1,
1621.093800,7.40000000E+1,
1625.976600,7.40000000E+1,
1630.859400,7.70000000E+1,
1635.742200,8.30000000E+1,
1640.625000,7.70000000E+1,
1645.507800,7.20000000E+1,
1650.390600,8.30000000E+1,
1655.273400,1.16000000E+2,
1660.156300,7.70000000E+1,
1665.039100,9.80000000E+1,
1669.921900,8.40000000E+1,
1674.804700,9.90000000E+1,
1679.687500,8.50000000E+1,
1684.57000,7.70000000E+1,
1689.453100,8.60000000E+1,
1694.335900,7.70000000E+1,
1699.218800,6.20000000E+1,
1704.101600,7.50000000E+1,
1708.984400,7.70000000E+1,
1713.867200,9.00000000E+1,
1718.75000,9.50000000E+1,
1723.632800,7.80000000E+1,
1728.515600,6.60000000E+1,
1733.398400,7.80000000E+1,
1738.281300,8.30000000E+1,
1743.164100,6.50000000E+1,
1748.046900,9.60000000E+1,
1752.93000,9.00000000E+1,
1757.812500,8.70000000E+1,
1762.695300,7.90000000E+1,
1767.578100,7.90000000E+1,
1772.460900,8.00000000E+1,
1777.343800,6.50000000E+1,
1782.226600,6.40000000E+1,
1787.109400,7.00000000E+1,
1791.992200,6.40000000E+1,
1796.875000,7.00000000E+1,
1801.757800,8.40000000E+1,
1806.640600,7.30000000E+1,
1811.523400,6.20000000E+1,
1816.406300,7.90000000E+1,
1821.289100,8.20000000E+1,
1826.171900,7.10000000E+1,
1831.054700,8.90000000E+1,
1835.937500,7.50000000E+1,
1840.82000,7.30000000E+1,
1845.703100,7.90000000E+1,
1850.585900,8.00000000E+1,
1855.468800,7.10000000E+1,
1860.351600,8.00000000E+1,
1865.234400,6.80000000E+1,
1870.117200,7.20000000E+1,
1875.000,7.20000000E+1,
1879.882800,8.40000000E+1,
1884.765600,6.90000000E+1,
1889.648400,6.40000000E+1,
1894.531300,6.30000000E+1,
1899.414100,6.60000000E+1,
1904.296900,6.30000000E+1,
1909.18000,6.90000000E+1,
1914.062500,7.30000000E+1,
1918.945300,8.00000000E+1,
1923.828100,9.20000000E+1,
1928.710900,6.80000000E+1,
1933.593800,5.90000000E+1,
1938.476600,9.00000000E+1,
1943.359400,5.80000000E+1,
1948.242200,7.40000000E+1,
1953.125000,6.20000000E+1,
1958.007800,8.70000000E+1,
1962.890600,7.70000000E+1,
1967.773400,6.70000000E+1,
1972.656300,7.00000000E+1,
1977.539100,5.90000000E+1,
1982.421900,5.50000000E+1,
1987.304700,7.20000000E+1,
1992.187500,8.00000000E+1,
1997.07000,6.00000000E+1,
2001.953100,6.80000000E+1,
2006.835900,7.20000000E+1,
2011.718800,7.20000000E+1,
2016.601600,7.60000000E+1,
2021.484400,5.50000000E+1,
2026.367200,7.00000000E+1,
2031.25000,7.80000000E+1,
2036.132800,6.80000000E+1,
2041.015600,6.80000000E+1,
2045.898400,7.50000000E+1,
2050.781300,5.20000000E+1,
2055.664100,6.50000000E+1,
2060.546900,7.60000000E+1,
2065.43000,6.60000000E+1,
2070.312500,7.40000000E+1,
2075.195300,8.20000000E+1,
2080.078100,5.90000000E+1,
2084.960900,7.50000000E+1,
2089.843800,5.70000000E+1,
2094.726600,7.10000000E+1,
2099.609400,5.70000000E+1,
2104.492200,6.00000000E+1,
2109.375000,6.50000000E+1,
2114.257800,6.40000000E+1,
2119.140600,6.10000000E+1,
2124.023400,5.10000000E+1,
2128.906300,5.90000000E+1,
2133.789100,6.20000000E+1,
2138.671900,6.10000000E+1,
2143.554700,8.20000000E+1,
2148.437500,5.50000000E+1,
2153.32000,5.70000000E+1,
2158.203100,5.90000000E+1,
2163.085900,6.80000000E+1,
2167.968800,6.70000000E+1,
2172.851600,6.80000000E+1,
2177.734400,4.70000000E+1,
2182.617200,5.80000000E+1,
2187.5000,6.10000000E+1,
2192.382800,5.90000000E+1,
2197.265600,6.80000000E+1,
2202.148400,6.40000000E+1,
2207.031300,6.00000000E+1,
2211.914100,5.80000000E+1,
2216.796900,5.60000000E+1,
2221.68000,6.60000000E+1,
2226.562500,4.90000000E+1,
2231.445300,6.40000000E+1,
2236.328100,6.10000000E+1,
2241.210900,5.50000000E+1,
2246.093800,4.10000000E+1,
2250.976600,5.70000000E+1,
2255.859400,7.00000000E+1,
2260.742200,5.90000000E+1,
2265.625000,5.70000000E+1,
2270.507800,6.70000000E+1,
2275.390600,6.30000000E+1,
2280.273400,6.30000000E+1,
2285.156300,6.60000000E+1,
2290.039100,5.90000000E+1,
2294.921900,5.20000000E+1,
2299.804700,5.30000000E+1,
2304.687500,5.10000000E+1,
2309.57000,6.00000000E+1,
2314.453100,5.50000000E+1,
2319.335900,5.50000000E+1,
2324.218800,5.20000000E+1,
2329.101600,5.00000000E+1,
2333.984400,6.10000000E+1,
2338.867200,5.10000000E+1,
2343.75000,6.20000000E+1,
2348.632800,5.10000000E+1,
2353.515600,5.50000000E+1,
2358.398400,5.60000000E+1,
2363.281300,5.50000000E+1,
2368.164100,5.10000000E+1,
2373.046900,4.80000000E+1,
2377.93000,5.90000000E+1,
2382.812500,5.10000000E+1,
2387.695300,6.40000000E+1,
2392.578100,3.10000000E+1,
2397.460900,4.20000000E+1,
2402.343800,6.90000000E+1,
2407.226600,5.60000000E+1,
2412.109400,6.20000000E+1,
2416.992200,5.00000000E+1,
2421.875000,4.50000000E+1,
2426.757800,4.80000000E+1,
2431.640600,5.70000000E+1,
2436.523400,4.50000000E+1,
2441.406300,4.40000000E+1,
2446.289100,5.20000000E+1,
2451.171900,4.00000000E+1,
2456.054700,6.10000000E+1,
2460.937500,3.50000000E+1,
2465.82000,4.10000000E+1,
2470.703100,4.50000000E+1,
2475.585900,4.70000000E+1,
2480.468800,4.80000000E+1,
2485.351600,4.30000000E+1,
2490.234400,4.50000000E+1,
2495.117200,5.60000000E+1,
2500.00,6.20000000E+1,
2504.882800,5.50000000E+1,
2509.765600,5.60000000E+1,
2514.648400,4.40000000E+1,
2519.531300,4.60000000E+1,
2524.414100,5.80000000E+1,
2529.296900,4.20000000E+1,
2534.18000,5.30000000E+1,
2539.062500,6.40000000E+1,
2543.945300,5.40000000E+1,
2548.828100,4.00000000E+1,
2553.710900,5.60000000E+1,
2558.593800,4.90000000E+1,
2563.476600,3.60000000E+1,
2568.359400,4.70000000E+1,
2573.242200,4.00000000E+1,
2578.125000,4.10000000E+1,
2583.007800,4.10000000E+1,
2587.890600,4.80000000E+1,
2592.773400,4.60000000E+1,
2597.656300,4.00000000E+1,
2602.539100,4.00000000E+1,
2607.421900,4.80000000E+1,
2612.304700,4.20000000E+1,
2617.187500,5.80000000E+1,
2622.07000,3.40000000E+1,
2626.953100,5.60000000E+1,
2631.835900,4.80000000E+1,
2636.718800,3.90000000E+1,
2641.601600,5.60000000E+1,
2646.484400,4.00000000E+1,
2651.367200,5.60000000E+1,
2656.25000,4.60000000E+1,
2661.132800,4.70000000E+1,
2666.015600,5.10000000E+1,
2670.898400,4.90000000E+1,
2675.781300,3.30000000E+1,
2680.664100,5.10000000E+1,
2685.546900,3.50000000E+1,
2690.43000,3.80000000E+1,
2695.312500,4.20000000E+1,
2700.195300,4.60000000E+1,
2705.078100,4.20000000E+1,
2709.960900,5.30000000E+1,
2714.843800,4.10000000E+1,
2719.726600,5.00000000E+1,
2724.609400,4.30000000E+1,
2729.492200,4.80000000E+1,
2734.375000,4.20000000E+1,
2739.257800,5.80000000E+1,
2744.140600,4.40000000E+1,
2749.023400,4.10000000E+1,
2753.906300,5.00000000E+1,
2758.789100,5.40000000E+1,
2763.671900,4.30000000E+1,
2768.554700,3.90000000E+1,
2773.437500,5.00000000E+1,
2778.32000,5.70000000E+1,
2783.203100,5.20000000E+1,
2788.085900,3.90000000E+1,
2792.968800,4.10000000E+1,
2797.851600,4.60000000E+1,
2802.734400,3.00000000E+1,
2807.617200,5.00000000E+1,
2812.5000,3.50000000E+1,
2817.382800,3.30000000E+1,
2822.265600,3.90000000E+1,
2827.148400,2.90000000E+1,
2832.031300,3.60000000E+1,
2836.914100,3.70000000E+1,
2841.796900,5.00000000E+1,
2846.68000,4.30000000E+1,
2851.562500,5.00000000E+1,
2856.445300,4.50000000E+1,
2861.328100,4.70000000E+1,
2866.210900,5.30000000E+1,
2871.093800,4.00000000E+1,
2875.976600,4.60000000E+1,
2880.859400,3.90000000E+1,
2885.742200,2.90000000E+1,
2890.625000,5.60000000E+1,
2895.507800,4.40000000E+1,
2900.390600,4.10000000E+1,
2905.273400,3.80000000E+1,
2910.156300,4.30000000E+1,
2915.039100,3.80000000E+1,
2919.921900,3.80000000E+1,
2924.804700,4.40000000E+1,
2929.687500,5.40000000E+1,
2934.57000,3.30000000E+1,
2939.453100,3.10000000E+1,
2944.335900,3.90000000E+1,
2949.218800,3.50000000E+1,
2954.101600,3.50000000E+1,
2958.984400,4.20000000E+1,
2963.867200,4.90000000E+1,
2968.75000,4.60000000E+1,
2973.632800,4.00000000E+1,
2978.515600,3.10000000E+1,
2983.398400,4.60000000E+1,
2988.281300,3.20000000E+1,
2993.164100,4.10000000E+1,
2998.046900,2.80000000E+1,
3002.93000,3.40000000E+1,
3007.812500,4.20000000E+1,
3012.695300,3.50000000E+1,
3017.578100,3.20000000E+1,
3022.460900,3.40000000E+1,
3027.343800,3.10000000E+1,
3032.226600,3.80000000E+1,
3037.109400,3.90000000E+1,
3041.992200,3.40000000E+1,
3046.875000,3.50000000E+1,
3051.757800,3.40000000E+1,
3056.640600,3.30000000E+1,
3061.523400,3.50000000E+1,
3066.406300,3.80000000E+1,
3071.289100,3.00000000E+1,
3076.171900,4.80000000E+1,
3081.054700,4.70000000E+1,
3085.937500,4.20000000E+1,
3090.82000,4.20000000E+1,
3095.703100,3.30000000E+1,
3100.585900,3.80000000E+1,
3105.468800,4.20000000E+1,
3110.351600,4.30000000E+1,
3115.234400,3.10000000E+1,
3120.117200,4.50000000E+1,
3125.000,3.40000000E+1,
3129.882800,3.80000000E+1,
3134.765600,3.30000000E+1,
3139.648400,3.00000000E+1,
3144.531300,4.40000000E+1,
3149.414100,2.70000000E+1,
3154.296900,2.90000000E+1,
3159.18000,4.30000000E+1,
3164.062500,2.70000000E+1,
3168.945300,4.10000000E+1,
3173.828100,3.00000000E+1,
3178.710900,3.80000000E+1,
3183.593800,3.60000000E+1,
3188.476600,4.10000000E+1,
3193.359400,4.20000000E+1,
3198.242200,3.10000000E+1,
3203.125000,2.80000000E+1,
3208.007800,3.50000000E+1,
3212.890600,3.20000000E+1,
3217.773400,3.50000000E+1,
3222.656300,2.30000000E+1,
3227.539100,2.60000000E+1,
3232.421900,3.60000000E+1,
3237.304700,3.70000000E+1,
3242.187500,3.50000000E+1,
3247.07000,3.40000000E+1,
3251.953100,2.60000000E+1,
3256.835900,3.10000000E+1,
3261.718800,3.00000000E+1,
3266.601600,3.70000000E+1,
3271.484400,3.50000000E+1,
3276.367200,2.80000000E+1,
3281.25000,3.00000000E+1,
3286.132800,2.40000000E+1,
3291.015600,3.20000000E+1,
3295.898400,3.80000000E+1,
3300.781300,2.40000000E+1,
3305.664100,3.60000000E+1,
3310.546900,2.90000000E+1,
3315.43000,3.70000000E+1,
3320.312500,2.80000000E+1,
3325.195300,3.10000000E+1,
3330.078100,3.30000000E+1,
3334.960900,2.50000000E+1,
3339.843800,2.90000000E+1,
3344.726600,2.50000000E+1,
3349.609400,3.60000000E+1,
3354.492200,2.80000000E+1,
3359.375000,3.50000000E+1,
3364.257800,3.10000000E+1,
3369.140600,2.80000000E+1,
3374.023400,2.10000000E+1,
3378.906300,3.10000000E+1,
3383.789100,1.90000000E+1,
3388.671900,2.80000000E+1,
3393.554700,3.40000000E+1,
3398.437500,2.60000000E+1,
3403.32000,3.20000000E+1,
3408.203100,2.80000000E+1,
3413.085900,3.00000000E+1,
3417.968800,2.70000000E+1,
3422.851600,2.80000000E+1,
3427.734400,3.40000000E+1,
3432.617200,2.50000000E+1,
3437.5000,4.00000000E+1,
3442.382800,1.90000000E+1,
3447.265600,2.50000000E+1,
3452.148400,2.40000000E+1,
3457.031300,2.40000000E+1,
3461.914100,3.20000000E+1,
3466.796900,3.80000000E+1,
3471.68000,2.80000000E+1,
3476.562500,3.00000000E+1,
3481.445300,3.00000000E+1,
3486.328100,3.60000000E+1,
3491.210900,3.50000000E+1,
3496.093800,3.50000000E+1,
3500.976600,2.70000000E+1,
3505.859400,2.90000000E+1,
3510.742200,2.40000000E+1,
3515.625000,2.50000000E+1,
3520.507800,3.00000000E+1,
3525.390600,2.50000000E+1,
3530.273400,3.00000000E+1,
3535.156300,1.80000000E+1,
3540.039100,2.10000000E+1,
3544.921900,3.40000000E+1,
3549.804700,2.70000000E+1,
3554.687500,2.20000000E+1,
3559.57000,1.90000000E+1,
3564.453100,1.90000000E+1,
3569.335900,2.20000000E+1,
3574.218800,2.40000000E+1,
3579.101600,2.30000000E+1,
3583.984400,3.00000000E+1,
3588.867200,3.10000000E+1,
3593.75000,2.10000000E+1,
3598.632800,3.20000000E+1,
3603.515600,2.00000000E+1,
3608.398400,3.30000000E+1,
3613.281300,3.70000000E+1,
3618.164100,2.70000000E+1,
3623.046900,2.90000000E+1,
3627.93000,2.60000000E+1,
3632.812500,3.50000000E+1,
3637.695300,2.30000000E+1,
3642.578100,2.30000000E+1,
3647.460900,2.00000000E+1,
3652.343800,2.00000000E+1,
3657.226600,2.20000000E+1,
3662.109400,3.70000000E+1,
3666.992200,2.90000000E+1,
3671.875000,2.60000000E+1,
3676.757800,2.60000000E+1,
3681.640600,2.90000000E+1,
3686.523400,2.80000000E+1,
3691.406300,2.90000000E+1,
3696.289100,2.20000000E+1,
3701.171900,2.10000000E+1,
3706.054700,2.30000000E+1,
3710.937500,1.60000000E+1,
3715.82000,2.80000000E+1,
3720.703100,2.80000000E+1,
3725.585900,1.60000000E+1,
3730.468800,2.80000000E+1,
3735.351600,2.60000000E+1,
3740.234400,2.40000000E+1,
3745.117200,2.30000000E+1,
3750.00,1.90000000E+1,
3754.882800,2.30000000E+1,
3759.765600,2.50000000E+1,
3764.648400,2.40000000E+1,
3769.531300,1.80000000E+1,
3774.414100,1.90000000E+1,
3779.296900,2.10000000E+1,
3784.18000,2.90000000E+1,
3789.062500,1.70000000E+1,
3793.945300,3.20000000E+1,
3798.828100,2.50000000E+1,
3803.710900,2.70000000E+1,
3808.593800,9.00000000E+0,
3813.476600,1.80000000E+1,
3818.359400,3.10000000E+1,
3823.242200,1.70000000E+1,
3828.125000,2.90000000E+1,
3833.007800,2.60000000E+1,
3837.890600,2.70000000E+1,
3842.773400,2.50000000E+1,
3847.656300,2.50000000E+1,
3852.539100,3.10000000E+1,
3857.421900,2.50000000E+1,
3862.304700,2.80000000E+1,
3867.187500,1.90000000E+1,
3872.07000,2.20000000E+1,
3876.953100,2.60000000E+1,
3881.835900,2.10000000E+1,
3886.718800,1.80000000E+1,
3891.601600,2.40000000E+1,
3896.484400,2.00000000E+1,
3901.367200,2.10000000E+1,
3906.25000,1.40000000E+1,
3911.132800,2.40000000E+1,
3916.015600,1.70000000E+1,
3920.898400,2.60000000E+1,
3925.781300,1.90000000E+1,
3930.664100,2.40000000E+1,
3935.546900,2.80000000E+1,
3940.43000,2.40000000E+1,
3945.312500,3.00000000E+1,
3950.195300,1.30000000E+1,
3955.078100,2.90000000E+1,
3959.960900,1.80000000E+1,
3964.843800,1.40000000E+1,
3969.726600,1.80000000E+1,
3974.609400,1.60000000E+1,
3979.492200,1.80000000E+1,
3984.375000,1.70000000E+1,
3989.257800,2.30000000E+1,
3994.140600,2.10000000E+1,
3999.023400,1.80000000E+1,
4003.906300,1.60000000E+1,
4008.789100,1.90000000E+1,
4013.671900,2.90000000E+1,
4018.554700,1.70000000E+1,
4023.437500,1.80000000E+1,
4028.32000,2.20000000E+1,
4033.203100,1.80000000E+1,
4038.085900,1.60000000E+1,
4042.968800,2.30000000E+1,
4047.851600,1.50000000E+1,
4052.734400,2.00000000E+1,
4057.617200,2.60000000E+1,
4062.5000,2.40000000E+1,
4067.382800,1.10000000E+1,
4072.265600,2.30000000E+1,
4077.148400,1.50000000E+1,
4082.031300,3.10000000E+1,
4086.914100,1.90000000E+1,
4091.796900,1.60000000E+1,
4096.68000,2.70000000E+1,
4101.562500,1.60000000E+1,
4106.445300,2.80000000E+1,
4111.328100,2.40000000E+1,
4116.210900,2.20000000E+1,
4121.093800,1.90000000E+1,
4125.976600,1.20000000E+1,
4130.859400,3.70000000E+1,
4135.742200,1.80000000E+1,
4140.625000,1.70000000E+1,
4145.507800,1.90000000E+1,
4150.390600,1.30000000E+1,
4155.273400,2.30000000E+1,
4160.156300,2.90000000E+1,
4165.039100,1.60000000E+1,
4169.921900,1.40000000E+1,
4174.804700,1.70000000E+1,
4179.687500,2.00000000E+1,
4184.57000,1.50000000E+1,
4189.453100,2.10000000E+1,
4194.335900,1.50000000E+1,
4199.218800,1.60000000E+1,
4204.101600,2.20000000E+1,
4208.984400,1.80000000E+1,
4213.867200,1.40000000E+1,
4218.75000,1.90000000E+1,
4223.632800,2.30000000E+1,
4228.515600,2.10000000E+1,
4233.398400,2.00000000E+1,
4238.281300,2.40000000E+1,
4243.164100,1.40000000E+1,
4248.046900,1.40000000E+1,
4252.93000,1.90000000E+1,
4257.812500,2.00000000E+1,
4262.695300,1.60000000E+1,
4267.578100,2.00000000E+1,
4272.460900,1.60000000E+1,
4277.343800,1.40000000E+1,
4282.226600,1.40000000E+1,
4287.109400,1.10000000E+1,
4291.992200,2.70000000E+1,
4296.875000,2.00000000E+1,
4301.757800,2.70000000E+1,
4306.640600,2.40000000E+1,
4311.523400,1.60000000E+1,
4316.406300,1.50000000E+1,
4321.289100,1.70000000E+1,
4326.171900,2.00000000E+1,
4331.054700,1.50000000E+1,
4335.937500,1.70000000E+1,
4340.82000,1.60000000E+1,
4345.703100,1.60000000E+1,
4350.585900,2.00000000E+1,
4355.468800,1.60000000E+1,
4360.351600,8.00000000E+0,
4365.234400,1.70000000E+1,
4370.117200,2.70000000E+1,
4375.000,1.20000000E+1,
4379.882800,1.00000000E+1,
4384.765600,1.80000000E+1,
4389.648400,1.40000000E+1,
4394.531300,1.70000000E+1,
4399.414100,1.60000000E+1,
4404.296900,1.90000000E+1,
4409.18000,1.80000000E+1,
4414.062500,1.70000000E+1,
4418.945300,9.00000000E+0,
4423.828100,1.90000000E+1,
4428.710900,2.10000000E+1,
4433.593800,1.50000000E+1,
4438.476600,9.00000000E+0,
4443.359400,1.80000000E+1,
4448.242200,1.80000000E+1,
4453.125000,1.70000000E+1,
4458.007800,1.30000000E+1,
4462.890600,1.10000000E+1,
4467.773400,1.70000000E+1,
4472.656300,2.10000000E+1,
4477.539100,1.30000000E+1,
4482.421900,1.60000000E+1,
4487.304700,1.80000000E+1,
4492.187500,1.80000000E+1,
4497.07000,1.80000000E+1,
4501.953100,1.90000000E+1,
4506.835900,1.70000000E+1,
4511.718800,1.00000000E+1,
4516.601600,1.70000000E+1,
4521.484400,1.90000000E+1,
4526.367200,1.50000000E+1,
4531.25000,1.00000000E+1,
4536.132800,8.00000000E+0,
4541.015600,1.60000000E+1,
4545.898400,1.90000000E+1,
4550.781300,1.30000000E+1,
4555.664100,1.80000000E+1,
4560.546900,2.30000000E+1,
4565.43000,1.20000000E+1,
4570.312500,1.40000000E+1,
4575.195300,1.70000000E+1,
4580.078100,2.20000000E+1,
4584.960900,1.20000000E+1,
4589.843800,1.60000000E+1,
4594.726600,1.00000000E+1,
4599.609400,1.80000000E+1,
4604.492200,1.70000000E+1,
4609.375000,1.70000000E+1,
4614.257800,1.50000000E+1,
4619.140600,2.20000000E+1,
4624.023400,8.00000000E+0,
4628.906300,1.60000000E+1,
4633.789100,1.20000000E+1,
4638.671900,1.10000000E+1,
4643.554700,1.90000000E+1,
4648.437500,1.50000000E+1,
4653.32000,7.00000000E+0,
4658.203100,8.00000000E+0,
4663.085900,1.20000000E+1,
4667.968800,9.00000000E+0,
4672.851600,1.20000000E+1,
4677.734400,1.80000000E+1,
4682.617200,2.10000000E+1,
4687.5000,1.30000000E+1,
4692.382800,1.70000000E+1,
4697.265600,1.10000000E+1,
4702.148400,1.10000000E+1,
4707.031300,1.20000000E+1,
4711.914100,1.10000000E+1,
4716.796900,1.90000000E+1,
4721.68000,1.60000000E+1,
4726.562500,1.70000000E+1,
4731.445300,1.30000000E+1,
4736.328100,1.10000000E+1,
4741.210900,1.60000000E+1,
4746.093800,1.20000000E+1,
4750.976600,1.30000000E+1,
4755.859400,1.20000000E+1,
4760.742200,1.90000000E+1,
4765.625000,1.40000000E+1,
4770.507800,1.20000000E+1,
4775.390600,7.00000000E+0,
4780.273400,8.00000000E+0,
4785.156300,1.00000000E+1,
4790.039100,8.00000000E+0,
4794.921900,1.40000000E+1,
4799.804700,1.40000000E+1,
4804.687500,1.20000000E+1,
4809.57000,1.40000000E+1,
4814.453100,1.70000000E+1,
4819.335900,1.30000000E+1,
4824.218800,1.20000000E+1,
4829.101600,1.10000000E+1,
4833.984400,1.30000000E+1,
4838.867200,8.00000000E+0,
4843.75000,1.40000000E+1,
4848.632800,1.20000000E+1,
4853.515600,1.30000000E+1,
4858.398400,1.30000000E+1,
4863.281300,1.80000000E+1,
4868.164100,1.60000000E+1,
4873.046900,1.10000000E+1,
4877.93000,7.00000000E+0,
4882.812500,1.60000000E+1,
4887.695300,9.00000000E+0,
4892.578100,1.90000000E+1,
4897.460900,2.10000000E+1,
4902.343800,6.00000000E+0,
4907.226600,1.30000000E+1,
4912.109400,1.70000000E+1,
4916.992200,1.60000000E+1,
4921.875000,1.20000000E+1,
4926.757800,1.50000000E+1,
4931.640600,7.00000000E+0,
4936.523400,2.30000000E+1,
4941.406300,1.30000000E+1,
4946.289100,1.30000000E+1,
4951.171900,1.70000000E+1,
4956.054700,1.50000000E+1,
4960.937500,1.50000000E+1,
4965.82000,1.00000000E+1,
4970.703100,2.00000000E+1,
4975.585900,1.00000000E+1,
4980.468800,1.30000000E+1,
4985.351600,1.40000000E+1,
4990.234400,1.30000000E+1,
4995.117200,1.60000000E+1,
