TIME,V,I,I,pce
1.84E-03,8.70E-01,-1.10E-03,0.0011,16.5000 
1.02E-01,8.70E-01,-1.10E-03,0.0011,16.5000 
2.02E-01,8.70E-01,-1.10E-03,0.0011,16.5000 
3.02E-01,8.70E-01,-1.10E-03,0.0011,16.5000 
4.02E-01,8.70E-01,-1.10E-03,0.0011,16.5000 
5.02E-01,8.70E-01,-1.10E-03,0.0011,16.5000 
6.02E-01,8.70E-01,-1.10E-03,0.0011,16.5000 
7.02E-01,8.70E-01,-1.10E-03,0.0011,16.5000 
8.02E-01,8.70E-01,-1.10E-03,0.0011,16.5000 
9.02E-01,8.70E-01,-1.11E-03,0.00111,16.6500 
1.00E+00,8.70E-01,-1.11E-03,0.00111,16.6500 
1.10E+00,8.70E-01,-1.11E-03,0.00111,16.6500 
1.20E+00,8.70E-01,-1.11E-03,0.00111,16.6500 
1.30E+00,8.70E-01,-1.11E-03,0.00111,16.6500 
1.40E+00,8.70E-01,-1.11E-03,0.00111,16.6500 
1.50E+00,8.70E-01,-1.11E-03,0.00111,16.6500 
1.60E+00,8.70E-01,-1.12E-03,0.00112,16.8000 
1.70E+00,8.70E-01,-1.12E-03,0.00112,16.8000 
1.80E+00,8.70E-01,-1.12E-03,0.00112,16.8000 
1.90E+00,8.70E-01,-1.12E-03,0.00112,16.8000 
2.00E+00,8.70E-01,-1.12E-03,0.00112,16.8000 
2.10E+00,8.70E-01,-1.12E-03,0.00112,16.8000 
2.20E+00,8.70E-01,-1.12E-03,0.00112,16.8000 
2.30E+00,8.70E-01,-1.13E-03,0.00113,16.9500 
2.40E+00,8.70E-01,-1.13E-03,0.00113,16.9500 
2.50E+00,8.70E-01,-1.13E-03,0.00113,16.9500 
2.60E+00,8.70E-01,-1.13E-03,0.00113,16.9500 
2.70E+00,8.70E-01,-1.13E-03,0.00113,16.9500 
2.80E+00,8.70E-01,-1.13E-03,0.00113,16.9500 
2.90E+00,8.70E-01,-1.13E-03,0.00113,16.9500 
3.00E+00,8.70E-01,-1.13E-03,0.00113,16.9500 
3.10E+00,8.70E-01,-1.14E-03,0.00114,17.1000 
3.20E+00,8.70E-01,-1.14E-03,0.00114,17.1000 
3.30E+00,8.70E-01,-1.14E-03,0.00114,17.1000 
3.40E+00,8.70E-01,-1.14E-03,0.00114,17.1000 
3.50E+00,8.70E-01,-1.14E-03,0.00114,17.1000 
3.60E+00,8.70E-01,-1.14E-03,0.00114,17.1000 
3.70E+00,8.70E-01,-1.14E-03,0.00114,17.1000 
3.80E+00,8.70E-01,-1.14E-03,0.00114,17.1000 
3.90E+00,8.70E-01,-1.15E-03,0.00115,17.2500 
4.00E+00,8.70E-01,-1.15E-03,0.00115,17.2500 
4.10E+00,8.70E-01,-1.15E-03,0.00115,17.2500 
4.20E+00,8.70E-01,-1.15E-03,0.00115,17.2500 
4.30E+00,8.70E-01,-1.15E-03,0.00115,17.2500 
4.40E+00,8.70E-01,-1.15E-03,0.00115,17.2500 
4.50E+00,8.70E-01,-1.15E-03,0.00115,17.2500 
4.60E+00,8.70E-01,-1.15E-03,0.00115,17.2500 
4.70E+00,8.70E-01,-1.15E-03,0.00115,17.2500 
4.80E+00,8.70E-01,-1.15E-03,0.00115,17.2500 
4.90E+00,8.70E-01,-1.15E-03,0.00115,17.2500 
5.00E+00,8.70E-01,-1.15E-03,0.00115,17.2500 
5.10E+00,8.70E-01,-1.15E-03,0.00115,17.2500 
5.20E+00,8.70E-01,-1.15E-03,0.00115,17.2500 
5.30E+00,8.70E-01,-1.15E-03,0.00115,17.2500 
5.40E+00,8.70E-01,-1.16E-03,0.00116,17.4000 
5.50E+00,8.70E-01,-1.16E-03,0.00116,17.4000 
5.60E+00,8.70E-01,-1.16E-03,0.00116,17.4000 
5.70E+00,8.70E-01,-1.16E-03,0.00116,17.4000 
5.80E+00,8.70E-01,-1.16E-03,0.00116,17.4000 
5.90E+00,8.70E-01,-1.16E-03,0.00116,17.4000 
6.00E+00,8.70E-01,-1.16E-03,0.00116,17.4000 
6.10E+00,8.70E-01,-1.16E-03,0.00116,17.4000 
6.20E+00,8.70E-01,-1.16E-03,0.00116,17.4000 
6.30E+00,8.70E-01,-1.16E-03,0.00116,17.4000 
6.40E+00,8.70E-01,-1.16E-03,0.00116,17.4000 
6.50E+00,8.70E-01,-1.16E-03,0.00116,17.4000 
6.60E+00,8.70E-01,-1.16E-03,0.00116,17.4000 
6.70E+00,8.70E-01,-1.17E-03,0.00117,17.5500 
6.80E+00,8.70E-01,-1.17E-03,0.00117,17.5500 
6.90E+00,8.70E-01,-1.17E-03,0.00117,17.5500 
7.00E+00,8.70E-01,-1.17E-03,0.00117,17.5500 
7.10E+00,8.70E-01,-1.17E-03,0.00117,17.5500 
7.20E+00,8.70E-01,-1.17E-03,0.00117,17.5500 
7.30E+00,8.70E-01,-1.17E-03,0.00117,17.5500 
7.40E+00,8.70E-01,-1.17E-03,0.00117,17.5500 
7.50E+00,8.70E-01,-1.17E-03,0.00117,17.5500 
7.60E+00,8.70E-01,-1.17E-03,0.00117,17.5500 
7.70E+00,8.70E-01,-1.17E-03,0.00117,17.5500 
7.80E+00,8.70E-01,-1.17E-03,0.00117,17.5500 
7.90E+00,8.70E-01,-1.17E-03,0.00117,17.5500 
8.00E+00,8.70E-01,-1.17E-03,0.00117,17.5500 
8.10E+00,8.70E-01,-1.17E-03,0.00117,17.5500 
8.20E+00,8.70E-01,-1.18E-03,0.00118,17.7000 
8.30E+00,8.70E-01,-1.18E-03,0.00118,17.7000 
8.40E+00,8.70E-01,-1.18E-03,0.00118,17.7000 
8.50E+00,8.70E-01,-1.18E-03,0.00118,17.7000 
8.60E+00,8.70E-01,-1.18E-03,0.00118,17.7000 
8.70E+00,8.70E-01,-1.18E-03,0.00118,17.7000 
8.80E+00,8.70E-01,-1.18E-03,0.00118,17.7000 
8.90E+00,8.70E-01,-1.18E-03,0.00118,17.7000 
9.00E+00,8.70E-01,-1.18E-03,0.00118,17.7000 
9.10E+00,8.70E-01,-1.18E-03,0.00118,17.7000 
9.20E+00,8.70E-01,-1.18E-03,0.00118,17.7000 
9.30E+00,8.70E-01,-1.18E-03,0.00118,17.7000 
9.40E+00,8.70E-01,-1.18E-03,0.00118,17.7000 
9.50E+00,8.70E-01,-1.18E-03,0.00118,17.7000 
9.60E+00,8.70E-01,-1.18E-03,0.00118,17.7000 
9.70E+00,8.70E-01,-1.18E-03,0.00118,17.7000 
9.80E+00,8.70E-01,-1.18E-03,0.00118,17.7000 
9.90E+00,8.70E-01,-1.18E-03,0.00118,17.7000 
1.00E+01,8.70E-01,-1.18E-03,0.00118,17.7000 
1.01E+01,8.70E-01,-1.18E-03,0.00118,17.7000 
1.02E+01,8.70E-01,-1.18E-03,0.00118,17.7000 
1.03E+01,8.70E-01,-1.18E-03,0.00118,17.7000 
1.04E+01,8.70E-01,-1.18E-03,0.00118,17.7000 
1.05E+01,8.70E-01,-1.18E-03,0.00118,17.7000 
1.06E+01,8.70E-01,-1.19E-03,0.00119,17.8500 
1.07E+01,8.70E-01,-1.19E-03,0.00119,17.8500 
1.08E+01,8.70E-01,-1.19E-03,0.00119,17.8500 
1.09E+01,8.70E-01,-1.19E-03,0.00119,17.8500 
1.10E+01,8.70E-01,-1.19E-03,0.00119,17.8500 
1.11E+01,8.70E-01,-1.19E-03,0.00119,17.8500 
1.12E+01,8.70E-01,-1.19E-03,0.00119,17.8500 
1.13E+01,8.70E-01,-1.19E-03,0.00119,17.8500 
1.14E+01,8.70E-01,-1.19E-03,0.00119,17.8500 
1.15E+01,8.70E-01,-1.19E-03,0.00119,17.8500 
1.16E+01,8.70E-01,-1.19E-03,0.00119,17.8500 
1.17E+01,8.70E-01,-1.19E-03,0.00119,17.8500 
1.18E+01,8.70E-01,-1.19E-03,0.00119,17.8500 
1.19E+01,8.70E-01,-1.19E-03,0.00119,17.8500 
1.20E+01,8.70E-01,-1.19E-03,0.00119,17.8500 
1.21E+01,8.70E-01,-1.19E-03,0.00119,17.8500 
1.22E+01,8.70E-01,-1.19E-03,0.00119,17.8500 
1.23E+01,8.70E-01,-1.19E-03,0.00119,17.8500 
1.24E+01,8.70E-01,-1.19E-03,0.00119,17.8500 
1.25E+01,8.70E-01,-1.19E-03,0.00119,17.8500 
1.26E+01,8.70E-01,-1.19E-03,0.00119,17.8500 
1.27E+01,8.70E-01,-1.19E-03,0.00119,17.8500 
1.28E+01,8.70E-01,-1.19E-03,0.00119,17.8500 
1.29E+01,8.70E-01,-1.19E-03,0.00119,17.8500 
1.30E+01,8.70E-01,-1.19E-03,0.00119,17.8500 
1.31E+01,8.70E-01,-1.19E-03,0.00119,17.8500 
1.32E+01,8.70E-01,-1.19E-03,0.00119,17.8500 
1.33E+01,8.70E-01,-1.19E-03,0.00119,17.8500 
1.34E+01,8.70E-01,-1.20E-03,0.0012,18.0000 
1.35E+01,8.70E-01,-1.20E-03,0.0012,18.0000 
1.36E+01,8.70E-01,-1.20E-03,0.0012,18.0000 
1.37E+01,8.70E-01,-1.20E-03,0.0012,18.0000 
1.38E+01,8.70E-01,-1.20E-03,0.0012,18.0000 
1.39E+01,8.70E-01,-1.20E-03,0.0012,18.0000 
1.40E+01,8.70E-01,-1.20E-03,0.0012,18.0000 
1.41E+01,8.70E-01,-1.20E-03,0.0012,18.0000 
1.42E+01,8.70E-01,-1.20E-03,0.0012,18.0000 
1.43E+01,8.70E-01,-1.20E-03,0.0012,18.0000 
1.44E+01,8.70E-01,-1.20E-03,0.0012,18.0000 
1.45E+01,8.70E-01,-1.20E-03,0.0012,18.0000 
1.46E+01,8.70E-01,-1.20E-03,0.0012,18.0000 
1.47E+01,8.70E-01,-1.20E-03,0.0012,18.0000 
1.48E+01,8.70E-01,-1.20E-03,0.0012,18.0000 
1.49E+01,8.70E-01,-1.20E-03,0.0012,18.0000 
1.50E+01,8.70E-01,-1.20E-03,0.0012,18.0000 
1.51E+01,8.70E-01,-1.20E-03,0.0012,18.0000 
1.52E+01,8.70E-01,-1.20E-03,0.0012,18.0000 
1.53E+01,8.70E-01,-1.20E-03,0.0012,18.0000 
1.54E+01,8.70E-01,-1.20E-03,0.0012,18.0000 
1.55E+01,8.70E-01,-1.20E-03,0.0012,18.0000 
1.56E+01,8.70E-01,-1.20E-03,0.0012,18.0000 
1.57E+01,8.70E-01,-1.20E-03,0.0012,18.0000 
1.58E+01,8.70E-01,-1.20E-03,0.0012,18.0000 
1.59E+01,8.70E-01,-1.20E-03,0.0012,18.0000 
1.60E+01,8.70E-01,-1.20E-03,0.0012,18.0000 
1.61E+01,8.70E-01,-1.21E-03,0.00121,18.1500 
1.62E+01,8.70E-01,-1.20E-03,0.0012,18.0000 
1.63E+01,8.70E-01,-1.20E-03,0.0012,18.0000 
1.64E+01,8.70E-01,-1.21E-03,0.00121,18.1500 
1.65E+01,8.70E-01,-1.21E-03,0.00121,18.1500 
1.66E+01,8.70E-01,-1.21E-03,0.00121,18.1500 
1.67E+01,8.70E-01,-1.21E-03,0.00121,18.1500 
1.68E+01,8.70E-01,-1.21E-03,0.00121,18.1500 
1.69E+01,8.70E-01,-1.21E-03,0.00121,18.1500 
1.70E+01,8.70E-01,-1.21E-03,0.00121,18.1500 
1.71E+01,8.70E-01,-1.21E-03,0.00121,18.1500 
1.72E+01,8.70E-01,-1.21E-03,0.00121,18.1500 
1.73E+01,8.70E-01,-1.21E-03,0.00121,18.1500 
1.74E+01,8.70E-01,-1.21E-03,0.00121,18.1500 
1.75E+01,8.70E-01,-1.21E-03,0.00121,18.1500 
1.76E+01,8.70E-01,-1.21E-03,0.00121,18.1500 
1.77E+01,8.70E-01,-1.21E-03,0.00121,18.1500 
1.78E+01,8.70E-01,-1.21E-03,0.00121,18.1500 
1.79E+01,8.70E-01,-1.21E-03,0.00121,18.1500 
1.80E+01,8.70E-01,-1.21E-03,0.00121,18.1500 
1.81E+01,8.70E-01,-1.21E-03,0.00121,18.1500 
1.82E+01,8.70E-01,-1.21E-03,0.00121,18.1500 
1.83E+01,8.70E-01,-1.21E-03,0.00121,18.1500 
1.84E+01,8.70E-01,-1.21E-03,0.00121,18.1500 
1.85E+01,8.70E-01,-1.21E-03,0.00121,18.1500 
1.86E+01,8.70E-01,-1.21E-03,0.00121,18.1500 
1.87E+01,8.70E-01,-1.21E-03,0.00121,18.1500 
1.88E+01,8.70E-01,-1.21E-03,0.00121,18.1500 
1.89E+01,8.70E-01,-1.21E-03,0.00121,18.1500 
1.90E+01,8.70E-01,-1.21E-03,0.00121,18.1500 
1.91E+01,8.70E-01,-1.21E-03,0.00121,18.1500 
1.92E+01,8.70E-01,-1.21E-03,0.00121,18.1500 
1.93E+01,8.70E-01,-1.21E-03,0.00121,18.1500 
1.94E+01,8.70E-01,-1.21E-03,0.00121,18.1500 
1.95E+01,8.70E-01,-1.21E-03,0.00121,18.1500 
1.96E+01,8.70E-01,-1.21E-03,0.00121,18.1500 
1.97E+01,8.70E-01,-1.21E-03,0.00121,18.1500 
1.98E+01,8.70E-01,-1.21E-03,0.00121,18.1500 
1.99E+01,8.70E-01,-1.21E-03,0.00121,18.1500 
2.00E+01,8.70E-01,-1.21E-03,0.00121,18.1500 
2.01E+01,8.70E-01,-1.21E-03,0.00121,18.1500 
2.02E+01,8.70E-01,-1.21E-03,0.00121,18.1500 
2.03E+01,8.70E-01,-1.21E-03,0.00121,18.1500 
2.04E+01,8.70E-01,-1.21E-03,0.00121,18.1500 
2.05E+01,8.70E-01,-1.21E-03,0.00121,18.1500 
2.06E+01,8.70E-01,-1.21E-03,0.00121,18.1500 
2.07E+01,8.70E-01,-1.21E-03,0.00121,18.1500 
2.08E+01,8.70E-01,-1.21E-03,0.00121,18.1500 
2.09E+01,8.70E-01,-1.21E-03,0.00121,18.1500 
2.10E+01,8.70E-01,-1.21E-03,0.00121,18.1500 
2.11E+01,8.70E-01,-1.21E-03,0.00121,18.1500 
2.12E+01,8.70E-01,-1.21E-03,0.00121,18.1500 
2.13E+01,8.70E-01,-1.21E-03,0.00121,18.1500 
2.14E+01,8.70E-01,-1.21E-03,0.00121,18.1500 
2.15E+01,8.70E-01,-1.21E-03,0.00121,18.1500 
2.16E+01,8.70E-01,-1.21E-03,0.00121,18.1500 
2.17E+01,8.70E-01,-1.21E-03,0.00121,18.1500 
2.18E+01,8.70E-01,-1.21E-03,0.00121,18.1500 
2.19E+01,8.70E-01,-1.21E-03,0.00121,18.1500 
2.20E+01,8.70E-01,-1.21E-03,0.00121,18.1500 
2.21E+01,8.70E-01,-1.22E-03,0.00122,18.3000 
2.22E+01,8.70E-01,-1.22E-03,0.00122,18.3000 
2.23E+01,8.70E-01,-1.22E-03,0.00122,18.3000 
2.24E+01,8.70E-01,-1.22E-03,0.00122,18.3000 
2.25E+01,8.70E-01,-1.22E-03,0.00122,18.3000 
2.26E+01,8.70E-01,-1.22E-03,0.00122,18.3000 
2.27E+01,8.70E-01,-1.22E-03,0.00122,18.3000 
2.28E+01,8.70E-01,-1.22E-03,0.00122,18.3000 
2.29E+01,8.70E-01,-1.22E-03,0.00122,18.3000 
2.30E+01,8.70E-01,-1.22E-03,0.00122,18.3000 
2.31E+01,8.70E-01,-1.22E-03,0.00122,18.3000 
2.32E+01,8.70E-01,-1.22E-03,0.00122,18.3000 
2.33E+01,8.70E-01,-1.22E-03,0.00122,18.3000 
2.34E+01,8.70E-01,-1.22E-03,0.00122,18.3000 
2.35E+01,8.70E-01,-1.22E-03,0.00122,18.3000 
2.36E+01,8.70E-01,-1.22E-03,0.00122,18.3000 
2.37E+01,8.70E-01,-1.22E-03,0.00122,18.3000 
2.38E+01,8.70E-01,-1.22E-03,0.00122,18.3000 
2.39E+01,8.70E-01,-1.22E-03,0.00122,18.3000 
2.40E+01,8.70E-01,-1.22E-03,0.00122,18.3000 
2.41E+01,8.70E-01,-1.22E-03,0.00122,18.3000 
2.42E+01,8.70E-01,-1.22E-03,0.00122,18.3000 
2.43E+01,8.70E-01,-1.22E-03,0.00122,18.3000 
2.44E+01,8.70E-01,-1.22E-03,0.00122,18.3000 
2.45E+01,8.70E-01,-1.22E-03,0.00122,18.3000 
2.46E+01,8.70E-01,-1.22E-03,0.00122,18.3000 
2.47E+01,8.70E-01,-1.22E-03,0.00122,18.3000 
2.48E+01,8.70E-01,-1.22E-03,0.00122,18.3000 
2.49E+01,8.70E-01,-1.22E-03,0.00122,18.3000 
2.50E+01,8.70E-01,-1.22E-03,0.00122,18.3000 
2.51E+01,8.70E-01,-1.22E-03,0.00122,18.3000 
2.52E+01,8.70E-01,-1.22E-03,0.00122,18.3000 
2.53E+01,8.70E-01,-1.22E-03,0.00122,18.3000 
2.54E+01,8.70E-01,-1.22E-03,0.00122,18.3000 
2.55E+01,8.70E-01,-1.22E-03,0.00122,18.3000 
2.56E+01,8.70E-01,-1.22E-03,0.00122,18.3000 
2.57E+01,8.70E-01,-1.22E-03,0.00122,18.3000 
2.58E+01,8.70E-01,-1.22E-03,0.00122,18.3000 
2.59E+01,8.70E-01,-1.22E-03,0.00122,18.3000 
2.60E+01,8.70E-01,-1.22E-03,0.00122,18.3000 
2.61E+01,8.70E-01,-1.22E-03,0.00122,18.3000 
2.62E+01,8.70E-01,-1.22E-03,0.00122,18.3000 
2.63E+01,8.70E-01,-1.22E-03,0.00122,18.3000 
2.64E+01,8.70E-01,-1.22E-03,0.00122,18.3000 
2.65E+01,8.70E-01,-1.22E-03,0.00122,18.3000 
2.66E+01,8.70E-01,-1.22E-03,0.00122,18.3000 
2.67E+01,8.70E-01,-1.22E-03,0.00122,18.3000 
2.68E+01,8.70E-01,-1.22E-03,0.00122,18.3000 
2.69E+01,8.70E-01,-1.22E-03,0.00122,18.3000 
2.70E+01,8.70E-01,-1.22E-03,0.00122,18.3000 
2.71E+01,8.70E-01,-1.22E-03,0.00122,18.3000 
2.72E+01,8.70E-01,-1.22E-03,0.00122,18.3000 
2.73E+01,8.70E-01,-1.22E-03,0.00122,18.3000 
2.74E+01,8.70E-01,-1.22E-03,0.00122,18.3000 
2.75E+01,8.70E-01,-1.22E-03,0.00122,18.3000 
2.76E+01,8.70E-01,-1.22E-03,0.00122,18.3000 
2.77E+01,8.70E-01,-1.22E-03,0.00122,18.3000 
2.78E+01,8.70E-01,-1.22E-03,0.00122,18.3000 
2.79E+01,8.70E-01,-1.22E-03,0.00122,18.3000 
2.80E+01,8.70E-01,-1.22E-03,0.00122,18.3000 
2.81E+01,8.70E-01,-1.22E-03,0.00122,18.3000 
2.82E+01,8.70E-01,-1.22E-03,0.00122,18.3000 
2.83E+01,8.70E-01,-1.22E-03,0.00122,18.3000 
2.84E+01,8.70E-01,-1.22E-03,0.00122,18.3000 
2.85E+01,8.70E-01,-1.22E-03,0.00122,18.3000 
2.86E+01,8.70E-01,-1.22E-03,0.00122,18.3000 
2.87E+01,8.70E-01,-1.22E-03,0.00122,18.3000 
2.88E+01,8.70E-01,-1.22E-03,0.00122,18.3000 
2.89E+01,8.70E-01,-1.22E-03,0.00122,18.3000 
2.90E+01,8.70E-01,-1.22E-03,0.00122,18.3000 
2.91E+01,8.70E-01,-1.22E-03,0.00122,18.3000 
2.92E+01,8.70E-01,-1.23E-03,0.00123,18.4500 
2.93E+01,8.70E-01,-1.23E-03,0.00123,18.4500 
2.94E+01,8.70E-01,-1.23E-03,0.00123,18.4500 
2.95E+01,8.70E-01,-1.23E-03,0.00123,18.4500 
2.96E+01,8.70E-01,-1.23E-03,0.00123,18.4500 
2.97E+01,8.70E-01,-1.23E-03,0.00123,18.4500 
2.98E+01,8.70E-01,-1.23E-03,0.00123,18.4500 
2.99E+01,8.70E-01,-1.23E-03,0.00123,18.4500 
3.00E+01,8.70E-01,-1.23E-03,0.00123,18.4500 
3.01E+01,8.70E-01,-1.23E-03,0.00123,18.4500 
3.02E+01,8.70E-01,-1.23E-03,0.00123,18.4500 
3.03E+01,8.70E-01,-1.23E-03,0.00123,18.4500 
3.04E+01,8.70E-01,-1.23E-03,0.00123,18.4500 
3.05E+01,8.70E-01,-1.23E-03,0.00123,18.4500 
3.06E+01,8.70E-01,-1.23E-03,0.00123,18.4500 
3.07E+01,8.70E-01,-1.23E-03,0.00123,18.4500 
3.08E+01,8.70E-01,-1.23E-03,0.00123,18.4500 
3.09E+01,8.70E-01,-1.23E-03,0.00123,18.4500 
3.10E+01,8.70E-01,-1.23E-03,0.00123,18.4500 
3.11E+01,8.70E-01,-1.23E-03,0.00123,18.4500 
3.12E+01,8.70E-01,-1.23E-03,0.00123,18.4500 
3.13E+01,8.70E-01,-1.23E-03,0.00123,18.4500 
3.14E+01,8.70E-01,-1.23E-03,0.00123,18.4500 
3.15E+01,8.70E-01,-1.23E-03,0.00123,18.4500 
3.16E+01,8.70E-01,-1.23E-03,0.00123,18.4500 
3.17E+01,8.70E-01,-1.23E-03,0.00123,18.4500 
3.18E+01,8.70E-01,-1.23E-03,0.00123,18.4500 
3.19E+01,8.70E-01,-1.23E-03,0.00123,18.4500 
3.20E+01,8.70E-01,-1.23E-03,0.00123,18.4500 
3.21E+01,8.70E-01,-1.23E-03,0.00123,18.4500 
3.22E+01,8.70E-01,-1.23E-03,0.00123,18.4500 
3.23E+01,8.70E-01,-1.23E-03,0.00123,18.4500 
3.24E+01,8.70E-01,-1.23E-03,0.00123,18.4500 
3.25E+01,8.70E-01,-1.23E-03,0.00123,18.4500 
3.26E+01,8.70E-01,-1.23E-03,0.00123,18.4500 
3.27E+01,8.70E-01,-1.23E-03,0.00123,18.4500 
3.28E+01,8.70E-01,-1.23E-03,0.00123,18.4500 
3.29E+01,8.70E-01,-1.23E-03,0.00123,18.4500 
3.30E+01,8.70E-01,-1.23E-03,0.00123,18.4500 
3.31E+01,8.70E-01,-1.23E-03,0.00123,18.4500 
3.32E+01,8.70E-01,-1.23E-03,0.00123,18.4500 
3.33E+01,8.70E-01,-1.23E-03,0.00123,18.4500 
3.34E+01,8.70E-01,-1.23E-03,0.00123,18.4500 
3.35E+01,8.70E-01,-1.23E-03,0.00123,18.4500 
3.36E+01,8.70E-01,-1.23E-03,0.00123,18.4500 
3.37E+01,8.70E-01,-1.23E-03,0.00123,18.4500 
3.38E+01,8.70E-01,-1.23E-03,0.00123,18.4500 
3.39E+01,8.70E-01,-1.23E-03,0.00123,18.4500 
3.40E+01,8.70E-01,-1.23E-03,0.00123,18.4500 
3.41E+01,8.70E-01,-1.23E-03,0.00123,18.4500 
3.42E+01,8.70E-01,-1.23E-03,0.00123,18.4500 
3.43E+01,8.70E-01,-1.23E-03,0.00123,18.4500 
3.44E+01,8.70E-01,-1.23E-03,0.00123,18.4500 
3.45E+01,8.70E-01,-1.23E-03,0.00123,18.4500 
3.46E+01,8.70E-01,-1.23E-03,0.00123,18.4500 
3.47E+01,8.70E-01,-1.23E-03,0.00123,18.4500 
3.48E+01,8.70E-01,-1.23E-03,0.00123,18.4500 
3.49E+01,8.70E-01,-1.23E-03,0.00123,18.4500 
3.50E+01,8.70E-01,-1.23E-03,0.00123,18.4500 
3.51E+01,8.70E-01,-1.23E-03,0.00123,18.4500 
3.52E+01,8.70E-01,-1.23E-03,0.00123,18.4500 
3.53E+01,8.70E-01,-1.23E-03,0.00123,18.4500 
3.54E+01,8.70E-01,-1.23E-03,0.00123,18.4500 
3.55E+01,8.70E-01,-1.23E-03,0.00123,18.4500 
3.56E+01,8.70E-01,-1.23E-03,0.00123,18.4500 
3.57E+01,8.70E-01,-1.23E-03,0.00123,18.4500 
3.58E+01,8.70E-01,-1.23E-03,0.00123,18.4500 
3.59E+01,8.70E-01,-1.23E-03,0.00123,18.4500 
3.60E+01,8.70E-01,-1.23E-03,0.00123,18.4500 
3.61E+01,8.70E-01,-1.23E-03,0.00123,18.4500 
3.62E+01,8.70E-01,-1.23E-03,0.00123,18.4500 
3.63E+01,8.70E-01,-1.23E-03,0.00123,18.4500 
3.64E+01,8.70E-01,-1.23E-03,0.00123,18.4500 
3.65E+01,8.70E-01,-1.23E-03,0.00123,18.4500 
3.66E+01,8.70E-01,-1.23E-03,0.00123,18.4500 
3.67E+01,8.70E-01,-1.23E-03,0.00123,18.4500 
3.68E+01,8.70E-01,-1.23E-03,0.00123,18.4500 
3.69E+01,8.70E-01,-1.23E-03,0.00123,18.4500 
3.70E+01,8.70E-01,-1.23E-03,0.00123,18.4500 
3.71E+01,8.70E-01,-1.23E-03,0.00123,18.4500 
3.72E+01,8.70E-01,-1.23E-03,0.00123,18.4500 
3.73E+01,8.70E-01,-1.23E-03,0.00123,18.4500 
3.74E+01,8.70E-01,-1.23E-03,0.00123,18.4500 
3.75E+01,8.70E-01,-1.23E-03,0.00123,18.4500 
3.76E+01,8.70E-01,-1.24E-03,0.00124,18.6000 
3.77E+01,8.70E-01,-1.23E-03,0.00123,18.4500 
3.78E+01,8.70E-01,-1.23E-03,0.00123,18.4500 
3.79E+01,8.70E-01,-1.23E-03,0.00123,18.4500 
3.80E+01,8.70E-01,-1.23E-03,0.00123,18.4500 
3.81E+01,8.70E-01,-1.23E-03,0.00123,18.4500 
3.82E+01,8.70E-01,-1.23E-03,0.00123,18.4500 
3.83E+01,8.70E-01,-1.24E-03,0.00124,18.6000 
3.84E+01,8.70E-01,-1.24E-03,0.00124,18.6000 
3.85E+01,8.70E-01,-1.24E-03,0.00124,18.6000 
3.86E+01,8.70E-01,-1.24E-03,0.00124,18.6000 
3.87E+01,8.70E-01,-1.23E-03,0.00123,18.4500 
3.88E+01,8.70E-01,-1.23E-03,0.00123,18.4500 
3.89E+01,8.70E-01,-1.23E-03,0.00123,18.4500 
3.90E+01,8.70E-01,-1.24E-03,0.00124,18.6000 
3.91E+01,8.70E-01,-1.24E-03,0.00124,18.6000 
3.92E+01,8.70E-01,-1.24E-03,0.00124,18.6000 
3.93E+01,8.70E-01,-1.24E-03,0.00124,18.6000 
3.94E+01,8.70E-01,-1.24E-03,0.00124,18.6000 
3.95E+01,8.70E-01,-1.24E-03,0.00124,18.6000 
3.96E+01,8.70E-01,-1.24E-03,0.00124,18.6000 
3.97E+01,8.70E-01,-1.23E-03,0.00123,18.4500 
3.98E+01,8.70E-01,-1.23E-03,0.00123,18.4500 
3.99E+01,8.70E-01,-1.23E-03,0.00123,18.4500 
4.00E+01,8.70E-01,-1.23E-03,0.00123,18.4500 
4.01E+01,8.70E-01,-1.23E-03,0.00123,18.4500 
4.02E+01,8.70E-01,-1.23E-03,0.00123,18.4500 
4.03E+01,8.70E-01,-1.23E-03,0.00123,18.4500 
4.04E+01,8.70E-01,-1.23E-03,0.00123,18.4500 
4.05E+01,8.70E-01,-1.23E-03,0.00123,18.4500 
4.06E+01,8.70E-01,-1.23E-03,0.00123,18.4500 
4.07E+01,8.70E-01,-1.23E-03,0.00123,18.4500 
4.08E+01,8.70E-01,-1.23E-03,0.00123,18.4500 
4.09E+01,8.70E-01,-1.24E-03,0.00124,18.6000 
4.10E+01,8.70E-01,-1.23E-03,0.00123,18.4500 
4.11E+01,8.70E-01,-1.23E-03,0.00123,18.4500 
4.12E+01,8.70E-01,-1.24E-03,0.00124,18.6000 
4.13E+01,8.70E-01,-1.24E-03,0.00124,18.6000 
4.14E+01,8.70E-01,-1.24E-03,0.00124,18.6000 
4.15E+01,8.70E-01,-1.24E-03,0.00124,18.6000 
4.16E+01,8.70E-01,-1.24E-03,0.00124,18.6000 
4.17E+01,8.70E-01,-1.24E-03,0.00124,18.6000 
4.18E+01,8.70E-01,-1.23E-03,0.00123,18.4500 
4.19E+01,8.70E-01,-1.23E-03,0.00123,18.4500 
4.20E+01,8.70E-01,-1.24E-03,0.00124,18.6000 
4.21E+01,8.70E-01,-1.24E-03,0.00124,18.6000 
4.22E+01,8.70E-01,-1.24E-03,0.00124,18.6000 
4.23E+01,8.70E-01,-1.24E-03,0.00124,18.6000 
4.24E+01,8.70E-01,-1.24E-03,0.00124,18.6000 
4.25E+01,8.70E-01,-1.24E-03,0.00124,18.6000 
4.26E+01,8.70E-01,-1.24E-03,0.00124,18.6000 
4.27E+01,8.70E-01,-1.24E-03,0.00124,18.6000 
4.28E+01,8.70E-01,-1.24E-03,0.00124,18.6000 
4.29E+01,8.70E-01,-1.24E-03,0.00124,18.6000 
4.30E+01,8.70E-01,-1.24E-03,0.00124,18.6000 
4.31E+01,8.70E-01,-1.24E-03,0.00124,18.6000 
4.32E+01,8.70E-01,-1.24E-03,0.00124,18.6000 
4.33E+01,8.70E-01,-1.24E-03,0.00124,18.6000 
4.34E+01,8.70E-01,-1.24E-03,0.00124,18.6000 
4.35E+01,8.70E-01,-1.24E-03,0.00124,18.6000 
4.36E+01,8.70E-01,-1.24E-03,0.00124,18.6000 
4.37E+01,8.70E-01,-1.24E-03,0.00124,18.6000 
4.38E+01,8.70E-01,-1.24E-03,0.00124,18.6000 
4.39E+01,8.70E-01,-1.24E-03,0.00124,18.6000 
4.40E+01,8.70E-01,-1.24E-03,0.00124,18.6000 
4.41E+01,8.70E-01,-1.24E-03,0.00124,18.6000 
4.42E+01,8.70E-01,-1.24E-03,0.00124,18.6000 
4.43E+01,8.70E-01,-1.24E-03,0.00124,18.6000 
4.44E+01,8.70E-01,-1.24E-03,0.00124,18.6000 
4.45E+01,8.70E-01,-1.24E-03,0.00124,18.6000 
4.46E+01,8.70E-01,-1.24E-03,0.00124,18.6000 
4.47E+01,8.70E-01,-1.24E-03,0.00124,18.6000 
4.48E+01,8.70E-01,-1.23E-03,0.00123,18.4500 
4.49E+01,8.70E-01,-1.24E-03,0.00124,18.6000 
4.50E+01,8.70E-01,-1.24E-03,0.00124,18.6000 
4.51E+01,8.70E-01,-1.24E-03,0.00124,18.6000 
4.52E+01,8.70E-01,-1.24E-03,0.00124,18.6000 
4.53E+01,8.70E-01,-1.23E-03,0.00123,18.4500 
4.54E+01,8.70E-01,-1.23E-03,0.00123,18.4500 
4.55E+01,8.70E-01,-1.23E-03,0.00123,18.4500 
4.56E+01,8.70E-01,-1.24E-03,0.00124,18.6000 
4.57E+01,8.70E-01,-1.24E-03,0.00124,18.6000 
4.58E+01,8.70E-01,-1.24E-03,0.00124,18.6000 
4.59E+01,8.70E-01,-1.24E-03,0.00124,18.6000 
4.60E+01,8.70E-01,-1.24E-03,0.00124,18.6000 
4.61E+01,8.70E-01,-1.24E-03,0.00124,18.6000 
4.62E+01,8.70E-01,-1.24E-03,0.00124,18.6000 
4.63E+01,8.70E-01,-1.24E-03,0.00124,18.6000 
4.64E+01,8.70E-01,-1.24E-03,0.00124,18.6000 
4.65E+01,8.70E-01,-1.24E-03,0.00124,18.6000 
4.66E+01,8.70E-01,-1.24E-03,0.00124,18.6000 
4.67E+01,8.70E-01,-1.24E-03,0.00124,18.6000 
4.68E+01,8.70E-01,-1.24E-03,0.00124,18.6000 
4.69E+01,8.70E-01,-1.24E-03,0.00124,18.6000 
4.70E+01,8.70E-01,-1.24E-03,0.00124,18.6000 
4.71E+01,8.70E-01,-1.24E-03,0.00124,18.6000 
4.72E+01,8.70E-01,-1.24E-03,0.00124,18.6000 
4.73E+01,8.70E-01,-1.24E-03,0.00124,18.6000 
4.74E+01,8.70E-01,-1.24E-03,0.00124,18.6000 
4.75E+01,8.70E-01,-1.24E-03,0.00124,18.6000 
4.76E+01,8.70E-01,-1.24E-03,0.00124,18.6000 
4.77E+01,8.70E-01,-1.24E-03,0.00124,18.6000 
4.78E+01,8.70E-01,-1.24E-03,0.00124,18.6000 
4.79E+01,8.70E-01,-1.24E-03,0.00124,18.6000 
4.80E+01,8.70E-01,-1.24E-03,0.00124,18.6000 
4.81E+01,8.70E-01,-1.24E-03,0.00124,18.6000 
4.82E+01,8.70E-01,-1.24E-03,0.00124,18.6000 
4.83E+01,8.70E-01,-1.24E-03,0.00124,18.6000 
4.84E+01,8.70E-01,-1.24E-03,0.00124,18.6000 
4.85E+01,8.70E-01,-1.24E-03,0.00124,18.6000 
4.86E+01,8.70E-01,-1.24E-03,0.00124,18.6000 
4.87E+01,8.70E-01,-1.24E-03,0.00124,18.6000 
4.88E+01,8.70E-01,-1.24E-03,0.00124,18.6000 
4.89E+01,8.70E-01,-1.24E-03,0.00124,18.6000 
4.90E+01,8.70E-01,-1.24E-03,0.00124,18.6000 
4.91E+01,8.70E-01,-1.24E-03,0.00124,18.6000 
4.92E+01,8.70E-01,-1.24E-03,0.00124,18.6000 
4.93E+01,8.70E-01,-1.24E-03,0.00124,18.6000 
4.94E+01,8.70E-01,-1.24E-03,0.00124,18.6000 
4.95E+01,8.70E-01,-1.24E-03,0.00124,18.6000 
4.96E+01,8.70E-01,-1.24E-03,0.00124,18.6000 
4.97E+01,8.70E-01,-1.24E-03,0.00124,18.6000 
4.98E+01,8.70E-01,-1.24E-03,0.00124,18.6000 
4.99E+01,8.70E-01,-1.24E-03,0.00124,18.6000 
5.00E+01,8.70E-01,-1.24E-03,0.00124,18.6000 
5.01E+01,8.70E-01,-1.24E-03,0.00124,18.6000 
5.02E+01,8.70E-01,-1.24E-03,0.00124,18.6000 
5.03E+01,8.70E-01,-1.24E-03,0.00124,18.6000 
5.04E+01,8.70E-01,-1.24E-03,0.00124,18.6000 
5.05E+01,8.70E-01,-1.24E-03,0.00124,18.6000 
5.06E+01,8.70E-01,-1.24E-03,0.00124,18.6000 
5.07E+01,8.70E-01,-1.24E-03,0.00124,18.6000 
5.08E+01,8.70E-01,-1.24E-03,0.00124,18.6000 
5.09E+01,8.70E-01,-1.24E-03,0.00124,18.6000 
5.10E+01,8.70E-01,-1.24E-03,0.00124,18.6000 
5.11E+01,8.70E-01,-1.24E-03,0.00124,18.6000 
5.12E+01,8.70E-01,-1.24E-03,0.00124,18.6000 
5.13E+01,8.70E-01,-1.24E-03,0.00124,18.6000 
5.14E+01,8.70E-01,-1.24E-03,0.00124,18.6000 
5.15E+01,8.70E-01,-1.24E-03,0.00124,18.6000 
5.16E+01,8.70E-01,-1.24E-03,0.00124,18.6000 
5.17E+01,8.70E-01,-1.24E-03,0.00124,18.6000 
5.18E+01,8.70E-01,-1.24E-03,0.00124,18.6000 
5.19E+01,8.70E-01,-1.24E-03,0.00124,18.6000 
5.20E+01,8.70E-01,-1.24E-03,0.00124,18.6000 
5.21E+01,8.70E-01,-1.24E-03,0.00124,18.6000 
5.22E+01,8.70E-01,-1.24E-03,0.00124,18.6000 
5.23E+01,8.70E-01,-1.24E-03,0.00124,18.6000 
5.24E+01,8.70E-01,-1.24E-03,0.00124,18.6000 
5.25E+01,8.70E-01,-1.24E-03,0.00124,18.6000 
5.26E+01,8.70E-01,-1.24E-03,0.00124,18.6000 
5.27E+01,8.70E-01,-1.24E-03,0.00124,18.6000 
5.28E+01,8.70E-01,-1.24E-03,0.00124,18.6000 
5.29E+01,8.70E-01,-1.24E-03,0.00124,18.6000 
5.30E+01,8.70E-01,-1.24E-03,0.00124,18.6000 
5.31E+01,8.70E-01,-1.24E-03,0.00124,18.6000 
5.32E+01,8.70E-01,-1.24E-03,0.00124,18.6000 
5.33E+01,8.70E-01,-1.24E-03,0.00124,18.6000 
5.34E+01,8.70E-01,-1.24E-03,0.00124,18.6000 
5.35E+01,8.70E-01,-1.24E-03,0.00124,18.6000 
5.36E+01,8.70E-01,-1.24E-03,0.00124,18.6000 
5.37E+01,8.70E-01,-1.24E-03,0.00124,18.6000 
5.38E+01,8.70E-01,-1.24E-03,0.00124,18.6000 
5.39E+01,8.70E-01,-1.24E-03,0.00124,18.6000 
5.40E+01,8.70E-01,-1.24E-03,0.00124,18.6000 
5.41E+01,8.70E-01,-1.24E-03,0.00124,18.6000 
5.42E+01,8.70E-01,-1.24E-03,0.00124,18.6000 
5.43E+01,8.70E-01,-1.24E-03,0.00124,18.6000 
5.44E+01,8.70E-01,-1.24E-03,0.00124,18.6000 
5.45E+01,8.70E-01,-1.24E-03,0.00124,18.6000 
5.46E+01,8.70E-01,-1.24E-03,0.00124,18.6000 
5.47E+01,8.70E-01,-1.24E-03,0.00124,18.6000 
5.48E+01,8.70E-01,-1.24E-03,0.00124,18.6000 
5.49E+01,8.70E-01,-1.24E-03,0.00124,18.6000 
5.50E+01,8.70E-01,-1.24E-03,0.00124,18.6000 
5.51E+01,8.70E-01,-1.24E-03,0.00124,18.6000 
5.52E+01,8.70E-01,-1.24E-03,0.00124,18.6000 
5.53E+01,8.70E-01,-1.24E-03,0.00124,18.6000 
5.54E+01,8.70E-01,-1.24E-03,0.00124,18.6000 
5.55E+01,8.70E-01,-1.24E-03,0.00124,18.6000 
5.56E+01,8.70E-01,-1.24E-03,0.00124,18.6000 
5.57E+01,8.70E-01,-1.24E-03,0.00124,18.6000 
5.58E+01,8.70E-01,-1.24E-03,0.00124,18.6000 
5.59E+01,8.70E-01,-1.24E-03,0.00124,18.6000 
5.60E+01,8.70E-01,-1.24E-03,0.00124,18.6000 
5.61E+01,8.70E-01,-1.24E-03,0.00124,18.6000 
5.62E+01,8.70E-01,-1.24E-03,0.00124,18.6000 
5.63E+01,8.70E-01,-1.24E-03,0.00124,18.6000 
5.64E+01,8.70E-01,-1.24E-03,0.00124,18.6000 
5.65E+01,8.70E-01,-1.24E-03,0.00124,18.6000 
5.66E+01,8.70E-01,-1.24E-03,0.00124,18.6000 
5.67E+01,8.70E-01,-1.24E-03,0.00124,18.6000 
5.68E+01,8.70E-01,-1.24E-03,0.00124,18.6000 
5.69E+01,8.70E-01,-1.24E-03,0.00124,18.6000 
5.70E+01,8.70E-01,-1.24E-03,0.00124,18.6000 
5.71E+01,8.70E-01,-1.24E-03,0.00124,18.6000 
5.72E+01,8.70E-01,-1.24E-03,0.00124,18.6000 
5.73E+01,8.70E-01,-1.24E-03,0.00124,18.6000 
5.74E+01,8.70E-01,-1.24E-03,0.00124,18.6000 
5.75E+01,8.70E-01,-1.24E-03,0.00124,18.6000 
5.76E+01,8.70E-01,-1.24E-03,0.00124,18.6000 
5.77E+01,8.70E-01,-1.24E-03,0.00124,18.6000 
5.78E+01,8.70E-01,-1.24E-03,0.00124,18.6000 
5.79E+01,8.70E-01,-1.24E-03,0.00124,18.6000 
5.80E+01,8.70E-01,-1.24E-03,0.00124,18.6000 
5.81E+01,8.70E-01,-1.24E-03,0.00124,18.6000 
5.82E+01,8.70E-01,-1.24E-03,0.00124,18.6000 
5.83E+01,8.70E-01,-1.24E-03,0.00124,18.6000 
5.84E+01,8.70E-01,-1.24E-03,0.00124,18.6000 
5.85E+01,8.70E-01,-1.24E-03,0.00124,18.6000 
5.86E+01,8.70E-01,-1.24E-03,0.00124,18.6000 
5.87E+01,8.70E-01,-1.24E-03,0.00124,18.6000 
5.88E+01,8.70E-01,-1.24E-03,0.00124,18.6000 
5.89E+01,8.70E-01,-1.24E-03,0.00124,18.6000 
5.90E+01,8.70E-01,-1.24E-03,0.00124,18.6000 
5.91E+01,8.70E-01,-1.24E-03,0.00124,18.6000 
5.92E+01,8.70E-01,-1.24E-03,0.00124,18.6000 
5.93E+01,8.70E-01,-1.24E-03,0.00124,18.6000 
5.94E+01,8.70E-01,-1.24E-03,0.00124,18.6000 
5.95E+01,8.70E-01,-1.24E-03,0.00124,18.6000 
5.96E+01,8.70E-01,-1.24E-03,0.00124,18.6000 
5.97E+01,8.70E-01,-1.24E-03,0.00124,18.6000 
5.98E+01,8.70E-01,-1.24E-03,0.00124,18.6000 
5.99E+01,8.70E-01,-1.24E-03,0.00124,18.6000 
6.00E+01,8.70E-01,-1.24E-03,0.00124,18.6000 
6.01E+01,8.70E-01,-1.24E-03,0.00124,18.6000 
6.02E+01,8.70E-01,-1.24E-03,0.00124,18.6000 
6.03E+01,8.70E-01,-1.24E-03,0.00124,18.6000 
6.04E+01,8.70E-01,-1.24E-03,0.00124,18.6000 
6.05E+01,8.70E-01,-1.24E-03,0.00124,18.6000 
6.06E+01,8.70E-01,-1.24E-03,0.00124,18.6000 
6.07E+01,8.70E-01,-1.24E-03,0.00124,18.6000 
6.08E+01,8.70E-01,-1.24E-03,0.00124,18.6000 
6.09E+01,8.70E-01,-1.24E-03,0.00124,18.6000 
6.10E+01,8.70E-01,-1.24E-03,0.00124,18.6000 
6.11E+01,8.70E-01,-1.24E-03,0.00124,18.6000 
6.12E+01,8.70E-01,-1.24E-03,0.00124,18.6000 
6.13E+01,8.70E-01,-1.24E-03,0.00124,18.6000 
6.14E+01,8.70E-01,-1.24E-03,0.00124,18.6000 
6.15E+01,8.70E-01,-1.24E-03,0.00124,18.6000 
6.16E+01,8.70E-01,-1.24E-03,0.00124,18.6000 
6.17E+01,8.70E-01,-1.24E-03,0.00124,18.6000 
6.18E+01,8.70E-01,-1.24E-03,0.00124,18.6000 
6.19E+01,8.70E-01,-1.24E-03,0.00124,18.6000 
6.20E+01,8.70E-01,-1.24E-03,0.00124,18.6000 
6.21E+01,8.70E-01,-1.24E-03,0.00124,18.6000 
6.22E+01,8.70E-01,-1.24E-03,0.00124,18.6000 
6.23E+01,8.70E-01,-1.24E-03,0.00124,18.6000 
6.24E+01,8.70E-01,-1.24E-03,0.00124,18.6000 
6.25E+01,8.70E-01,-1.24E-03,0.00124,18.6000 
6.26E+01,8.70E-01,-1.24E-03,0.00124,18.6000 
6.27E+01,8.70E-01,-1.24E-03,0.00124,18.6000 
6.28E+01,8.70E-01,-1.24E-03,0.00124,18.6000 
6.29E+01,8.70E-01,-1.24E-03,0.00124,18.6000 
6.30E+01,8.70E-01,-1.24E-03,0.00124,18.6000 
6.31E+01,8.70E-01,-1.24E-03,0.00124,18.6000 
6.32E+01,8.70E-01,-1.24E-03,0.00124,18.6000 
6.33E+01,8.70E-01,-1.24E-03,0.00124,18.6000 
6.34E+01,8.70E-01,-1.24E-03,0.00124,18.6000 
6.35E+01,8.70E-01,-1.24E-03,0.00124,18.6000 
6.36E+01,8.70E-01,-1.24E-03,0.00124,18.6000 
6.37E+01,8.70E-01,-1.24E-03,0.00124,18.6000 
6.38E+01,8.70E-01,-1.24E-03,0.00124,18.6000 
6.39E+01,8.70E-01,-1.24E-03,0.00124,18.6000 
6.40E+01,8.70E-01,-1.24E-03,0.00124,18.6000 
6.41E+01,8.70E-01,-1.24E-03,0.00124,18.6000 
6.42E+01,8.70E-01,-1.24E-03,0.00124,18.6000 
6.43E+01,8.70E-01,-1.24E-03,0.00124,18.6000 
6.44E+01,8.70E-01,-1.24E-03,0.00124,18.6000 
6.45E+01,8.70E-01,-1.24E-03,0.00124,18.6000 
6.46E+01,8.70E-01,-1.24E-03,0.00124,18.6000 
6.47E+01,8.70E-01,-1.24E-03,0.00124,18.6000 
6.48E+01,8.70E-01,-1.24E-03,0.00124,18.6000 
6.49E+01,8.70E-01,-1.24E-03,0.00124,18.6000 
6.50E+01,8.70E-01,-1.24E-03,0.00124,18.6000 
6.51E+01,8.70E-01,-1.24E-03,0.00124,18.6000 
6.52E+01,8.70E-01,-1.24E-03,0.00124,18.6000 
6.53E+01,8.70E-01,-1.24E-03,0.00124,18.6000 
6.54E+01,8.70E-01,-1.24E-03,0.00124,18.6000 
6.55E+01,8.70E-01,-1.24E-03,0.00124,18.6000 
6.56E+01,8.70E-01,-1.24E-03,0.00124,18.6000 
6.57E+01,8.70E-01,-1.24E-03,0.00124,18.6000 
6.58E+01,8.70E-01,-1.24E-03,0.00124,18.6000 
6.59E+01,8.70E-01,-1.24E-03,0.00124,18.6000 
6.60E+01,8.70E-01,-1.24E-03,0.00124,18.6000 
6.61E+01,8.70E-01,-1.24E-03,0.00124,18.6000 
6.62E+01,8.70E-01,-1.24E-03,0.00124,18.6000 
6.63E+01,8.70E-01,-1.24E-03,0.00124,18.6000 
6.64E+01,8.70E-01,-1.24E-03,0.00124,18.6000 
6.65E+01,8.70E-01,-1.24E-03,0.00124,18.6000 
6.66E+01,8.70E-01,-1.25E-03,0.00125,18.7500 
6.67E+01,8.70E-01,-1.24E-03,0.00124,18.6000 
6.68E+01,8.70E-01,-1.24E-03,0.00124,18.6000 
6.69E+01,8.70E-01,-1.24E-03,0.00124,18.6000 
6.70E+01,8.70E-01,-1.24E-03,0.00124,18.6000 
6.71E+01,8.70E-01,-1.25E-03,0.00125,18.7500 
6.72E+01,8.70E-01,-1.24E-03,0.00124,18.6000 
6.73E+01,8.70E-01,-1.24E-03,0.00124,18.6000 
6.74E+01,8.70E-01,-1.25E-03,0.00125,18.7500 
6.75E+01,8.70E-01,-1.25E-03,0.00125,18.7500 
6.76E+01,8.70E-01,-1.25E-03,0.00125,18.7500 
6.77E+01,8.70E-01,-1.24E-03,0.00124,18.6000 
6.78E+01,8.70E-01,-1.24E-03,0.00124,18.6000 
6.79E+01,8.70E-01,-1.24E-03,0.00124,18.6000 
6.80E+01,8.70E-01,-1.24E-03,0.00124,18.6000 
6.81E+01,8.70E-01,-1.24E-03,0.00124,18.6000 
6.82E+01,8.70E-01,-1.24E-03,0.00124,18.6000 
6.83E+01,8.70E-01,-1.24E-03,0.00124,18.6000 
6.84E+01,8.70E-01,-1.24E-03,0.00124,18.6000 
6.85E+01,8.70E-01,-1.24E-03,0.00124,18.6000 
6.86E+01,8.70E-01,-1.24E-03,0.00124,18.6000 
6.87E+01,8.70E-01,-1.24E-03,0.00124,18.6000 
6.88E+01,8.70E-01,-1.24E-03,0.00124,18.6000 
6.89E+01,8.70E-01,-1.24E-03,0.00124,18.6000 
6.90E+01,8.70E-01,-1.24E-03,0.00124,18.6000 
6.91E+01,8.70E-01,-1.24E-03,0.00124,18.6000 
6.92E+01,8.70E-01,-1.24E-03,0.00124,18.6000 
6.93E+01,8.70E-01,-1.24E-03,0.00124,18.6000 
6.94E+01,8.70E-01,-1.24E-03,0.00124,18.6000 
6.95E+01,8.70E-01,-1.24E-03,0.00124,18.6000 
6.96E+01,8.70E-01,-1.24E-03,0.00124,18.6000 
6.97E+01,8.70E-01,-1.25E-03,0.00125,18.7500 
6.98E+01,8.70E-01,-1.25E-03,0.00125,18.7500 
6.99E+01,8.70E-01,-1.24E-03,0.00124,18.6000 
7.00E+01,8.70E-01,-1.24E-03,0.00124,18.6000 
7.01E+01,8.70E-01,-1.24E-03,0.00124,18.6000 
7.02E+01,8.70E-01,-1.24E-03,0.00124,18.6000 
7.03E+01,8.70E-01,-1.24E-03,0.00124,18.6000 
7.04E+01,8.70E-01,-1.24E-03,0.00124,18.6000 
7.05E+01,8.70E-01,-1.24E-03,0.00124,18.6000 
7.06E+01,8.70E-01,-1.24E-03,0.00124,18.6000 
7.07E+01,8.70E-01,-1.24E-03,0.00124,18.6000 
7.08E+01,8.70E-01,-1.24E-03,0.00124,18.6000 
7.09E+01,8.70E-01,-1.24E-03,0.00124,18.6000 
7.10E+01,8.70E-01,-1.24E-03,0.00124,18.6000 
7.11E+01,8.70E-01,-1.24E-03,0.00124,18.6000 
7.12E+01,8.70E-01,-1.24E-03,0.00124,18.6000 
7.13E+01,8.70E-01,-1.24E-03,0.00124,18.6000 
7.14E+01,8.70E-01,-1.24E-03,0.00124,18.6000 
7.15E+01,8.70E-01,-1.24E-03,0.00124,18.6000 
7.16E+01,8.70E-01,-1.24E-03,0.00124,18.6000 
7.17E+01,8.70E-01,-1.24E-03,0.00124,18.6000 
7.18E+01,8.70E-01,-1.24E-03,0.00124,18.6000 
7.19E+01,8.70E-01,-1.24E-03,0.00124,18.6000 
7.20E+01,8.70E-01,-1.24E-03,0.00124,18.6000 
7.21E+01,8.70E-01,-1.25E-03,0.00125,18.7500 
7.22E+01,8.70E-01,-1.24E-03,0.00124,18.6000 
7.23E+01,8.70E-01,-1.25E-03,0.00125,18.7500 
7.24E+01,8.70E-01,-1.25E-03,0.00125,18.7500 
7.25E+01,8.70E-01,-1.25E-03,0.00125,18.7500 
7.26E+01,8.70E-01,-1.25E-03,0.00125,18.7500 
7.27E+01,8.70E-01,-1.25E-03,0.00125,18.7500 
7.28E+01,8.70E-01,-1.25E-03,0.00125,18.7500 
7.29E+01,8.70E-01,-1.25E-03,0.00125,18.7500 
7.30E+01,8.70E-01,-1.25E-03,0.00125,18.7500 
7.31E+01,8.70E-01,-1.25E-03,0.00125,18.7500 
7.32E+01,8.70E-01,-1.24E-03,0.00124,18.6000 
7.33E+01,8.70E-01,-1.25E-03,0.00125,18.7500 
7.34E+01,8.70E-01,-1.25E-03,0.00125,18.7500 
7.35E+01,8.70E-01,-1.25E-03,0.00125,18.7500 
7.36E+01,8.70E-01,-1.25E-03,0.00125,18.7500 
7.37E+01,8.70E-01,-1.25E-03,0.00125,18.7500 
7.38E+01,8.70E-01,-1.25E-03,0.00125,18.7500 
7.39E+01,8.70E-01,-1.25E-03,0.00125,18.7500 
7.40E+01,8.70E-01,-1.25E-03,0.00125,18.7500 
7.41E+01,8.70E-01,-1.25E-03,0.00125,18.7500 
7.42E+01,8.70E-01,-1.25E-03,0.00125,18.7500 
7.43E+01,8.70E-01,-1.25E-03,0.00125,18.7500 
7.44E+01,8.70E-01,-1.25E-03,0.00125,18.7500 
7.45E+01,8.70E-01,-1.25E-03,0.00125,18.7500 
7.46E+01,8.70E-01,-1.25E-03,0.00125,18.7500 
7.47E+01,8.70E-01,-1.25E-03,0.00125,18.7500 
7.48E+01,8.70E-01,-1.25E-03,0.00125,18.7500 
7.49E+01,8.70E-01,-1.25E-03,0.00125,18.7500 
7.50E+01,8.70E-01,-1.25E-03,0.00125,18.7500 
7.51E+01,8.70E-01,-1.25E-03,0.00125,18.7500 
7.52E+01,8.70E-01,-1.25E-03,0.00125,18.7500 
7.53E+01,8.70E-01,-1.25E-03,0.00125,18.7500 
7.54E+01,8.70E-01,-1.25E-03,0.00125,18.7500 
7.55E+01,8.70E-01,-1.25E-03,0.00125,18.7500 
7.56E+01,8.70E-01,-1.25E-03,0.00125,18.7500 
7.57E+01,8.70E-01,-1.25E-03,0.00125,18.7500 
7.58E+01,8.70E-01,-1.25E-03,0.00125,18.7500 
7.59E+01,8.70E-01,-1.25E-03,0.00125,18.7500 
7.60E+01,8.70E-01,-1.25E-03,0.00125,18.7500 
7.61E+01,8.70E-01,-1.25E-03,0.00125,18.7500 
7.62E+01,8.70E-01,-1.25E-03,0.00125,18.7500 
7.63E+01,8.70E-01,-1.25E-03,0.00125,18.7500 
7.64E+01,8.70E-01,-1.25E-03,0.00125,18.7500 
7.65E+01,8.70E-01,-1.25E-03,0.00125,18.7500 
7.66E+01,8.70E-01,-1.25E-03,0.00125,18.7500 
7.67E+01,8.70E-01,-1.25E-03,0.00125,18.7500 
7.68E+01,8.70E-01,-1.25E-03,0.00125,18.7500 
7.69E+01,8.70E-01,-1.25E-03,0.00125,18.7500 
7.70E+01,8.70E-01,-1.25E-03,0.00125,18.7500 
7.71E+01,8.70E-01,-1.25E-03,0.00125,18.7500 
7.72E+01,8.70E-01,-1.25E-03,0.00125,18.7500 
7.73E+01,8.70E-01,-1.25E-03,0.00125,18.7500 
7.74E+01,8.70E-01,-1.25E-03,0.00125,18.7500 
7.75E+01,8.70E-01,-1.25E-03,0.00125,18.7500 
7.76E+01,8.70E-01,-1.25E-03,0.00125,18.7500 
7.77E+01,8.70E-01,-1.25E-03,0.00125,18.7500 
7.78E+01,8.70E-01,-1.25E-03,0.00125,18.7500 
7.79E+01,8.70E-01,-1.25E-03,0.00125,18.7500 
7.80E+01,8.70E-01,-1.25E-03,0.00125,18.7500 
7.81E+01,8.70E-01,-1.25E-03,0.00125,18.7500 
7.82E+01,8.70E-01,-1.25E-03,0.00125,18.7500 
7.83E+01,8.70E-01,-1.25E-03,0.00125,18.7500 
7.84E+01,8.70E-01,-1.25E-03,0.00125,18.7500 
7.85E+01,8.70E-01,-1.25E-03,0.00125,18.7500 
7.86E+01,8.70E-01,-1.25E-03,0.00125,18.7500 
7.87E+01,8.70E-01,-1.25E-03,0.00125,18.7500 
7.88E+01,8.70E-01,-1.25E-03,0.00125,18.7500 
7.89E+01,8.70E-01,-1.25E-03,0.00125,18.7500 
7.90E+01,8.70E-01,-1.25E-03,0.00125,18.7500 
7.91E+01,8.70E-01,-1.25E-03,0.00125,18.7500 
7.92E+01,8.70E-01,-1.25E-03,0.00125,18.7500 
7.93E+01,8.70E-01,-1.25E-03,0.00125,18.7500 
7.94E+01,8.70E-01,-1.25E-03,0.00125,18.7500 
7.95E+01,8.70E-01,-1.25E-03,0.00125,18.7500 
7.96E+01,8.70E-01,-1.25E-03,0.00125,18.7500 
7.97E+01,8.70E-01,-1.25E-03,0.00125,18.7500 
7.98E+01,8.70E-01,-1.24E-03,0.00124,18.6000 
7.99E+01,8.70E-01,-1.24E-03,0.00124,18.6000 
8.00E+01,8.70E-01,-1.24E-03,0.00124,18.6000 
8.01E+01,8.70E-01,-1.24E-03,0.00124,18.6000 
8.02E+01,8.70E-01,-1.24E-03,0.00124,18.6000 
8.03E+01,8.70E-01,-1.24E-03,0.00124,18.6000 
8.04E+01,8.70E-01,-1.24E-03,0.00124,18.6000 
8.05E+01,8.70E-01,-1.25E-03,0.00125,18.7500 
8.06E+01,8.70E-01,-1.25E-03,0.00125,18.7500 
8.07E+01,8.70E-01,-1.25E-03,0.00125,18.7500 
8.08E+01,8.70E-01,-1.25E-03,0.00125,18.7500 
8.09E+01,8.70E-01,-1.24E-03,0.00124,18.6000 
8.10E+01,8.70E-01,-1.24E-03,0.00124,18.6000 
8.11E+01,8.70E-01,-1.25E-03,0.00125,18.7500 
8.12E+01,8.70E-01,-1.24E-03,0.00124,18.6000 
8.13E+01,8.70E-01,-1.24E-03,0.00124,18.6000 
8.14E+01,8.70E-01,-1.25E-03,0.00125,18.7500 
8.15E+01,8.70E-01,-1.25E-03,0.00125,18.7500 
8.16E+01,8.70E-01,-1.25E-03,0.00125,18.7500 
8.17E+01,8.70E-01,-1.25E-03,0.00125,18.7500 
8.18E+01,8.70E-01,-1.24E-03,0.00124,18.6000 
8.19E+01,8.70E-01,-1.24E-03,0.00124,18.6000 
8.20E+01,8.70E-01,-1.25E-03,0.00125,18.7500 
8.21E+01,8.70E-01,-1.25E-03,0.00125,18.7500 
8.22E+01,8.70E-01,-1.24E-03,0.00124,18.6000 
8.23E+01,8.70E-01,-1.25E-03,0.00125,18.7500 
8.24E+01,8.70E-01,-1.25E-03,0.00125,18.7500 
8.25E+01,8.70E-01,-1.25E-03,0.00125,18.7500 
8.26E+01,8.70E-01,-1.25E-03,0.00125,18.7500 
8.27E+01,8.70E-01,-1.25E-03,0.00125,18.7500 
8.28E+01,8.70E-01,-1.25E-03,0.00125,18.7500 
8.29E+01,8.70E-01,-1.25E-03,0.00125,18.7500 
8.30E+01,8.70E-01,-1.25E-03,0.00125,18.7500 
8.31E+01,8.70E-01,-1.25E-03,0.00125,18.7500 
8.32E+01,8.70E-01,-1.25E-03,0.00125,18.7500 
8.33E+01,8.70E-01,-1.24E-03,0.00124,18.6000 
8.34E+01,8.70E-01,-1.25E-03,0.00125,18.7500 
8.35E+01,8.70E-01,-1.24E-03,0.00124,18.6000 
8.36E+01,8.70E-01,-1.24E-03,0.00124,18.6000 
8.37E+01,8.70E-01,-1.24E-03,0.00124,18.6000 
8.38E+01,8.70E-01,-1.24E-03,0.00124,18.6000 
8.39E+01,8.70E-01,-1.24E-03,0.00124,18.6000 
8.40E+01,8.70E-01,-1.25E-03,0.00125,18.7500 
8.41E+01,8.70E-01,-1.25E-03,0.00125,18.7500 
8.42E+01,8.70E-01,-1.25E-03,0.00125,18.7500 
8.43E+01,8.70E-01,-1.25E-03,0.00125,18.7500 
8.44E+01,8.70E-01,-1.25E-03,0.00125,18.7500 
8.45E+01,8.70E-01,-1.25E-03,0.00125,18.7500 
8.46E+01,8.70E-01,-1.25E-03,0.00125,18.7500 
8.47E+01,8.70E-01,-1.25E-03,0.00125,18.7500 
8.48E+01,8.70E-01,-1.25E-03,0.00125,18.7500 
8.49E+01,8.70E-01,-1.25E-03,0.00125,18.7500 
8.50E+01,8.70E-01,-1.25E-03,0.00125,18.7500 
8.51E+01,8.70E-01,-1.25E-03,0.00125,18.7500 
8.52E+01,8.70E-01,-1.25E-03,0.00125,18.7500 
8.53E+01,8.70E-01,-1.25E-03,0.00125,18.7500 
8.54E+01,8.70E-01,-1.25E-03,0.00125,18.7500 
8.55E+01,8.70E-01,-1.25E-03,0.00125,18.7500 
8.56E+01,8.70E-01,-1.25E-03,0.00125,18.7500 
8.57E+01,8.70E-01,-1.25E-03,0.00125,18.7500 
8.58E+01,8.70E-01,-1.25E-03,0.00125,18.7500 
8.59E+01,8.70E-01,-1.25E-03,0.00125,18.7500 
8.60E+01,8.70E-01,-1.25E-03,0.00125,18.7500 
8.61E+01,8.70E-01,-1.25E-03,0.00125,18.7500 
8.62E+01,8.70E-01,-1.25E-03,0.00125,18.7500 
8.63E+01,8.70E-01,-1.24E-03,0.00124,18.6000 
8.64E+01,8.70E-01,-1.25E-03,0.00125,18.7500 
8.65E+01,8.70E-01,-1.25E-03,0.00125,18.7500 
8.66E+01,8.70E-01,-1.24E-03,0.00124,18.6000 
8.67E+01,8.70E-01,-1.25E-03,0.00125,18.7500 
8.68E+01,8.70E-01,-1.25E-03,0.00125,18.7500 
8.69E+01,8.70E-01,-1.25E-03,0.00125,18.7500 
8.70E+01,8.70E-01,-1.25E-03,0.00125,18.7500 
8.71E+01,8.70E-01,-1.25E-03,0.00125,18.7500 
8.72E+01,8.70E-01,-1.25E-03,0.00125,18.7500 
8.73E+01,8.70E-01,-1.25E-03,0.00125,18.7500 
8.74E+01,8.70E-01,-1.25E-03,0.00125,18.7500 
8.75E+01,8.70E-01,-1.25E-03,0.00125,18.7500 
8.76E+01,8.70E-01,-1.25E-03,0.00125,18.7500 
8.77E+01,8.70E-01,-1.25E-03,0.00125,18.7500 
8.78E+01,8.70E-01,-1.25E-03,0.00125,18.7500 
8.79E+01,8.70E-01,-1.25E-03,0.00125,18.7500 
8.80E+01,8.70E-01,-1.25E-03,0.00125,18.7500 
8.81E+01,8.70E-01,-1.25E-03,0.00125,18.7500 
8.82E+01,8.70E-01,-1.25E-03,0.00125,18.7500 
8.83E+01,8.70E-01,-1.24E-03,0.00124,18.6000 
8.84E+01,8.70E-01,-1.25E-03,0.00125,18.7500 
8.85E+01,8.70E-01,-1.25E-03,0.00125,18.7500 
8.86E+01,8.70E-01,-1.25E-03,0.00125,18.7500 
8.87E+01,8.70E-01,-1.25E-03,0.00125,18.7500 
8.88E+01,8.70E-01,-1.25E-03,0.00125,18.7500 
8.89E+01,8.70E-01,-1.25E-03,0.00125,18.7500 
8.90E+01,8.70E-01,-1.24E-03,0.00124,18.6000 
8.91E+01,8.70E-01,-1.24E-03,0.00124,18.6000 
8.92E+01,8.70E-01,-1.25E-03,0.00125,18.7500 
8.93E+01,8.70E-01,-1.25E-03,0.00125,18.7500 
8.94E+01,8.70E-01,-1.25E-03,0.00125,18.7500 
8.95E+01,8.70E-01,-1.25E-03,0.00125,18.7500 
8.96E+01,8.70E-01,-1.25E-03,0.00125,18.7500 
8.97E+01,8.70E-01,-1.25E-03,0.00125,18.7500 
8.98E+01,8.70E-01,-1.25E-03,0.00125,18.7500 
8.99E+01,8.70E-01,-1.25E-03,0.00125,18.7500 
9.00E+01,8.70E-01,-1.25E-03,0.00125,18.7500 
9.01E+01,8.70E-01,-1.25E-03,0.00125,18.7500 
9.02E+01,8.70E-01,-1.25E-03,0.00125,18.7500 
9.03E+01,8.70E-01,-1.25E-03,0.00125,18.7500 
9.04E+01,8.70E-01,-1.25E-03,0.00125,18.7500 
9.05E+01,8.70E-01,-1.25E-03,0.00125,18.7500 
9.06E+01,8.70E-01,-1.25E-03,0.00125,18.7500 
9.07E+01,8.70E-01,-1.25E-03,0.00125,18.7500 
9.08E+01,8.70E-01,-1.25E-03,0.00125,18.7500 
9.09E+01,8.70E-01,-1.25E-03,0.00125,18.7500 
9.10E+01,8.70E-01,-1.25E-03,0.00125,18.7500 
9.11E+01,8.70E-01,-1.25E-03,0.00125,18.7500 
9.12E+01,8.70E-01,-1.25E-03,0.00125,18.7500 
9.13E+01,8.70E-01,-1.25E-03,0.00125,18.7500 
9.14E+01,8.70E-01,-1.25E-03,0.00125,18.7500 
9.15E+01,8.70E-01,-1.25E-03,0.00125,18.7500 
9.16E+01,8.70E-01,-1.25E-03,0.00125,18.7500 
9.17E+01,8.70E-01,-1.25E-03,0.00125,18.7500 
9.18E+01,8.70E-01,-1.25E-03,0.00125,18.7500 
9.19E+01,8.70E-01,-1.25E-03,0.00125,18.7500 
9.20E+01,8.70E-01,-1.25E-03,0.00125,18.7500 
9.21E+01,8.70E-01,-1.25E-03,0.00125,18.7500 
9.22E+01,8.70E-01,-1.25E-03,0.00125,18.7500 
9.23E+01,8.70E-01,-1.25E-03,0.00125,18.7500 
9.24E+01,8.70E-01,-1.25E-03,0.00125,18.7500 
9.25E+01,8.70E-01,-1.25E-03,0.00125,18.7500 
9.26E+01,8.70E-01,-1.25E-03,0.00125,18.7500 
9.27E+01,8.70E-01,-1.25E-03,0.00125,18.7500 
9.28E+01,8.70E-01,-1.25E-03,0.00125,18.7500 
9.29E+01,8.70E-01,-1.25E-03,0.00125,18.7500 
9.30E+01,8.70E-01,-1.25E-03,0.00125,18.7500 
9.31E+01,8.70E-01,-1.25E-03,0.00125,18.7500 
9.32E+01,8.70E-01,-1.25E-03,0.00125,18.7500 
9.33E+01,8.70E-01,-1.25E-03,0.00125,18.7500 
9.34E+01,8.70E-01,-1.25E-03,0.00125,18.7500 
9.35E+01,8.70E-01,-1.25E-03,0.00125,18.7500 
9.36E+01,8.70E-01,-1.25E-03,0.00125,18.7500 
9.37E+01,8.70E-01,-1.25E-03,0.00125,18.7500 
9.38E+01,8.70E-01,-1.25E-03,0.00125,18.7500 
9.39E+01,8.70E-01,-1.25E-03,0.00125,18.7500 
9.40E+01,8.70E-01,-1.25E-03,0.00125,18.7500 
9.41E+01,8.70E-01,-1.25E-03,0.00125,18.7500 
9.42E+01,8.70E-01,-1.25E-03,0.00125,18.7500 
9.43E+01,8.70E-01,-1.25E-03,0.00125,18.7500 
9.44E+01,8.70E-01,-1.25E-03,0.00125,18.7500 
9.45E+01,8.70E-01,-1.25E-03,0.00125,18.7500 
9.46E+01,8.70E-01,-1.25E-03,0.00125,18.7500 
9.47E+01,8.70E-01,-1.25E-03,0.00125,18.7500 
9.48E+01,8.70E-01,-1.25E-03,0.00125,18.7500 
9.49E+01,8.70E-01,-1.25E-03,0.00125,18.7500 
9.50E+01,8.70E-01,-1.25E-03,0.00125,18.7500 
9.51E+01,8.70E-01,-1.25E-03,0.00125,18.7500 
9.52E+01,8.70E-01,-1.25E-03,0.00125,18.7500 
9.53E+01,8.70E-01,-1.25E-03,0.00125,18.7500 
9.54E+01,8.70E-01,-1.25E-03,0.00125,18.7500 
9.55E+01,8.70E-01,-1.25E-03,0.00125,18.7500 
9.56E+01,8.70E-01,-1.25E-03,0.00125,18.7500 
9.57E+01,8.70E-01,-1.25E-03,0.00125,18.7500 
9.58E+01,8.70E-01,-1.25E-03,0.00125,18.7500 
9.59E+01,8.70E-01,-1.25E-03,0.00125,18.7500 
9.60E+01,8.70E-01,-1.25E-03,0.00125,18.7500 
9.61E+01,8.70E-01,-1.25E-03,0.00125,18.7500 
9.62E+01,8.70E-01,-1.25E-03,0.00125,18.7500 
9.63E+01,8.70E-01,-1.25E-03,0.00125,18.7500 
9.64E+01,8.70E-01,-1.25E-03,0.00125,18.7500 
9.65E+01,8.70E-01,-1.25E-03,0.00125,18.7500 
9.66E+01,8.70E-01,-1.25E-03,0.00125,18.7500 
9.67E+01,8.70E-01,-1.25E-03,0.00125,18.7500 
9.68E+01,8.70E-01,-1.25E-03,0.00125,18.7500 
9.69E+01,8.70E-01,-1.25E-03,0.00125,18.7500 
9.70E+01,8.70E-01,-1.25E-03,0.00125,18.7500 
9.71E+01,8.70E-01,-1.25E-03,0.00125,18.7500 
9.72E+01,8.70E-01,-1.25E-03,0.00125,18.7500 
9.73E+01,8.70E-01,-1.25E-03,0.00125,18.7500 
9.74E+01,8.70E-01,-1.25E-03,0.00125,18.7500 
9.75E+01,8.70E-01,-1.25E-03,0.00125,18.7500 
9.76E+01,8.70E-01,-1.25E-03,0.00125,18.7500 
9.77E+01,8.70E-01,-1.25E-03,0.00125,18.7500 
9.78E+01,8.70E-01,-1.25E-03,0.00125,18.7500 
9.79E+01,8.70E-01,-1.25E-03,0.00125,18.7500 
9.80E+01,8.70E-01,-1.25E-03,0.00125,18.7500 
9.81E+01,8.70E-01,-1.25E-03,0.00125,18.7500 
9.82E+01,8.70E-01,-1.25E-03,0.00125,18.7500 
9.83E+01,8.70E-01,-1.25E-03,0.00125,18.7500 
9.84E+01,8.70E-01,-1.25E-03,0.00125,18.7500 
9.85E+01,8.70E-01,-1.25E-03,0.00125,18.7500 
9.86E+01,8.70E-01,-1.25E-03,0.00125,18.7500 
9.87E+01,8.70E-01,-1.25E-03,0.00125,18.7500 
9.88E+01,8.70E-01,-1.25E-03,0.00125,18.7500 
9.89E+01,8.70E-01,-1.25E-03,0.00125,18.7500 
9.90E+01,8.70E-01,-1.24E-03,0.00124,18.6000 
9.91E+01,8.70E-01,-1.24E-03,0.00124,18.6000 
9.92E+01,8.70E-01,-1.24E-03,0.00124,18.6000 
9.93E+01,8.70E-01,-1.24E-03,0.00124,18.6000 
9.94E+01,8.70E-01,-1.24E-03,0.00124,18.6000 
9.95E+01,8.70E-01,-1.24E-03,0.00124,18.6000 
9.96E+01,8.70E-01,-1.24E-03,0.00124,18.6000 
9.97E+01,8.70E-01,-1.25E-03,0.00125,18.7500 
9.98E+01,8.70E-01,-1.24E-03,0.00124,18.6000 
9.99E+01,8.70E-01,-1.25E-03,0.00125,18.7500 
1.00E+02,8.70E-01,-1.25E-03,0.00125,18.7500 
1.00E+02,8.70E-01,-1.25E-03,0.00125,18.7500 
1.00E+02,8.70E-01,-1.25E-03,0.00125,18.7500 
1.00E+02,8.70E-01,-1.25E-03,0.00125,18.7500 
1.00E+02,8.70E-01,-1.25E-03,0.00125,18.7500 
1.01E+02,8.70E-01,-1.25E-03,0.00125,18.7500 
1.01E+02,8.70E-01,-1.25E-03,0.00125,18.7500 
1.01E+02,8.70E-01,-1.25E-03,0.00125,18.7500 
1.01E+02,8.70E-01,-1.25E-03,0.00125,18.7500 
1.01E+02,8.70E-01,-1.25E-03,0.00125,18.7500 
1.01E+02,8.70E-01,-1.25E-03,0.00125,18.7500 
1.01E+02,8.70E-01,-1.25E-03,0.00125,18.7500 
1.01E+02,8.70E-01,-1.25E-03,0.00125,18.7500 
1.01E+02,8.70E-01,-1.25E-03,0.00125,18.7500 
1.01E+02,8.70E-01,-1.25E-03,0.00125,18.7500 
1.02E+02,8.70E-01,-1.25E-03,0.00125,18.7500 
1.02E+02,8.70E-01,-1.25E-03,0.00125,18.7500 
1.02E+02,8.70E-01,-1.25E-03,0.00125,18.7500 
1.02E+02,8.70E-01,-1.25E-03,0.00125,18.7500 
1.02E+02,8.70E-01,-1.25E-03,0.00125,18.7500 
1.02E+02,8.70E-01,-1.25E-03,0.00125,18.7500 
1.02E+02,8.70E-01,-1.25E-03,0.00125,18.7500 
1.02E+02,8.70E-01,-1.25E-03,0.00125,18.7500 
1.02E+02,8.70E-01,-1.25E-03,0.00125,18.7500 
1.02E+02,8.70E-01,-1.25E-03,0.00125,18.7500 
1.03E+02,8.70E-01,-1.25E-03,0.00125,18.7500 
1.03E+02,8.70E-01,-1.25E-03,0.00125,18.7500 
1.03E+02,8.70E-01,-1.25E-03,0.00125,18.7500 
1.03E+02,8.70E-01,-1.25E-03,0.00125,18.7500 
1.03E+02,8.70E-01,-1.25E-03,0.00125,18.7500 
1.03E+02,8.70E-01,-1.25E-03,0.00125,18.7500 
1.03E+02,8.70E-01,-1.25E-03,0.00125,18.7500 
1.03E+02,8.70E-01,-1.25E-03,0.00125,18.7500 
1.03E+02,8.70E-01,-1.25E-03,0.00125,18.7500 
1.03E+02,8.70E-01,-1.25E-03,0.00125,18.7500 
1.04E+02,8.70E-01,-1.25E-03,0.00125,18.7500 
1.04E+02,8.70E-01,-1.25E-03,0.00125,18.7500 
1.04E+02,8.70E-01,-1.25E-03,0.00125,18.7500 
1.04E+02,8.70E-01,-1.25E-03,0.00125,18.7500 
1.04E+02,8.70E-01,-1.25E-03,0.00125,18.7500 
1.04E+02,8.70E-01,-1.25E-03,0.00125,18.7500 
1.04E+02,8.70E-01,-1.25E-03,0.00125,18.7500 
1.04E+02,8.70E-01,-1.25E-03,0.00125,18.7500 
1.04E+02,8.70E-01,-1.25E-03,0.00125,18.7500 
1.04E+02,8.70E-01,-1.25E-03,0.00125,18.7500 
1.05E+02,8.70E-01,-1.25E-03,0.00125,18.7500 
1.05E+02,8.70E-01,-1.25E-03,0.00125,18.7500 
1.05E+02,8.70E-01,-1.25E-03,0.00125,18.7500 
1.05E+02,8.70E-01,-1.25E-03,0.00125,18.7500 
1.05E+02,8.70E-01,-1.25E-03,0.00125,18.7500 
1.05E+02,8.70E-01,-1.25E-03,0.00125,18.7500 
1.05E+02,8.70E-01,-1.25E-03,0.00125,18.7500 
1.05E+02,8.70E-01,-1.25E-03,0.00125,18.7500 
1.05E+02,8.70E-01,-1.25E-03,0.00125,18.7500 
1.05E+02,8.70E-01,-1.25E-03,0.00125,18.7500 
1.06E+02,8.70E-01,-1.25E-03,0.00125,18.7500 
1.06E+02,8.70E-01,-1.25E-03,0.00125,18.7500 
1.06E+02,8.70E-01,-1.25E-03,0.00125,18.7500 
1.06E+02,8.70E-01,-1.24E-03,0.00124,18.6000 
1.06E+02,8.70E-01,-1.24E-03,0.00124,18.6000 
1.06E+02,8.70E-01,-1.25E-03,0.00125,18.7500 
1.06E+02,8.70E-01,-1.25E-03,0.00125,18.7500 
1.06E+02,8.70E-01,-1.25E-03,0.00125,18.7500 
1.06E+02,8.70E-01,-1.24E-03,0.00124,18.6000 
1.06E+02,8.70E-01,-1.24E-03,0.00124,18.6000 
1.07E+02,8.70E-01,-1.24E-03,0.00124,18.6000 
1.07E+02,8.70E-01,-1.24E-03,0.00124,18.6000 
1.07E+02,8.70E-01,-1.24E-03,0.00124,18.6000 
1.07E+02,8.70E-01,-1.25E-03,0.00125,18.7500 
1.07E+02,8.70E-01,-1.25E-03,0.00125,18.7500 
1.07E+02,8.70E-01,-1.25E-03,0.00125,18.7500 
1.07E+02,8.70E-01,-1.25E-03,0.00125,18.7500 
1.07E+02,8.70E-01,-1.25E-03,0.00125,18.7500 
1.07E+02,8.70E-01,-1.24E-03,0.00124,18.6000 
1.07E+02,8.70E-01,-1.25E-03,0.00125,18.7500 
1.08E+02,8.70E-01,-1.25E-03,0.00125,18.7500 
1.08E+02,8.70E-01,-1.25E-03,0.00125,18.7500 
1.08E+02,8.70E-01,-1.25E-03,0.00125,18.7500 
1.08E+02,8.70E-01,-1.25E-03,0.00125,18.7500 
1.08E+02,8.70E-01,-1.25E-03,0.00125,18.7500 
1.08E+02,8.70E-01,-1.25E-03,0.00125,18.7500 
1.08E+02,8.70E-01,-1.25E-03,0.00125,18.7500 
1.08E+02,8.70E-01,-1.25E-03,0.00125,18.7500 
1.08E+02,8.70E-01,-1.25E-03,0.00125,18.7500 
1.08E+02,8.70E-01,-1.25E-03,0.00125,18.7500 
1.09E+02,8.70E-01,-1.25E-03,0.00125,18.7500 
1.09E+02,8.70E-01,-1.25E-03,0.00125,18.7500 
1.09E+02,8.70E-01,-1.25E-03,0.00125,18.7500 
1.09E+02,8.70E-01,-1.24E-03,0.00124,18.6000 
1.09E+02,8.70E-01,-1.25E-03,0.00125,18.7500 
1.09E+02,8.70E-01,-1.25E-03,0.00125,18.7500 
1.09E+02,8.70E-01,-1.25E-03,0.00125,18.7500 
1.09E+02,8.70E-01,-1.25E-03,0.00125,18.7500 
1.09E+02,8.70E-01,-1.25E-03,0.00125,18.7500 
1.09E+02,8.70E-01,-1.25E-03,0.00125,18.7500 
1.10E+02,8.70E-01,-1.25E-03,0.00125,18.7500 
1.10E+02,8.70E-01,-1.25E-03,0.00125,18.7500 
1.10E+02,8.70E-01,-1.25E-03,0.00125,18.7500 
1.10E+02,8.70E-01,-1.24E-03,0.00124,18.6000 
1.10E+02,8.70E-01,-1.24E-03,0.00124,18.6000 
1.10E+02,8.70E-01,-1.24E-03,0.00124,18.6000 
1.10E+02,8.70E-01,-1.25E-03,0.00125,18.7500 
1.10E+02,8.70E-01,-1.25E-03,0.00125,18.7500 
1.10E+02,8.70E-01,-1.25E-03,0.00125,18.7500 
1.10E+02,8.70E-01,-1.25E-03,0.00125,18.7500 
1.11E+02,8.70E-01,-1.25E-03,0.00125,18.7500 
1.11E+02,8.70E-01,-1.25E-03,0.00125,18.7500 
1.11E+02,8.70E-01,-1.25E-03,0.00125,18.7500 
1.11E+02,8.70E-01,-1.24E-03,0.00124,18.6000 
1.11E+02,8.70E-01,-1.25E-03,0.00125,18.7500 
1.11E+02,8.70E-01,-1.24E-03,0.00124,18.6000 
1.11E+02,8.70E-01,-1.25E-03,0.00125,18.7500 
1.11E+02,8.70E-01,-1.25E-03,0.00125,18.7500 
1.11E+02,8.70E-01,-1.25E-03,0.00125,18.7500 
1.11E+02,8.70E-01,-1.25E-03,0.00125,18.7500 
1.12E+02,8.70E-01,-1.25E-03,0.00125,18.7500 
1.12E+02,8.70E-01,-1.25E-03,0.00125,18.7500 
1.12E+02,8.70E-01,-1.25E-03,0.00125,18.7500 
1.12E+02,8.70E-01,-1.25E-03,0.00125,18.7500 
1.12E+02,8.70E-01,-1.25E-03,0.00125,18.7500 
1.12E+02,8.70E-01,-1.25E-03,0.00125,18.7500 
1.12E+02,8.70E-01,-1.25E-03,0.00125,18.7500 
1.12E+02,8.70E-01,-1.25E-03,0.00125,18.7500 
1.12E+02,8.70E-01,-1.25E-03,0.00125,18.7500 
1.12E+02,8.70E-01,-1.25E-03,0.00125,18.7500 
1.13E+02,8.70E-01,-1.25E-03,0.00125,18.7500 
1.13E+02,8.70E-01,-1.25E-03,0.00125,18.7500 
1.13E+02,8.70E-01,-1.25E-03,0.00125,18.7500 
1.13E+02,8.70E-01,-1.25E-03,0.00125,18.7500 
1.13E+02,8.70E-01,-1.25E-03,0.00125,18.7500 
1.13E+02,8.70E-01,-1.25E-03,0.00125,18.7500 
1.13E+02,8.70E-01,-1.25E-03,0.00125,18.7500 
1.13E+02,8.70E-01,-1.25E-03,0.00125,18.7500 
1.13E+02,8.70E-01,-1.25E-03,0.00125,18.7500 
1.13E+02,8.70E-01,-1.25E-03,0.00125,18.7500 
1.14E+02,8.70E-01,-1.25E-03,0.00125,18.7500 
1.14E+02,8.70E-01,-1.25E-03,0.00125,18.7500 
1.14E+02,8.70E-01,-1.25E-03,0.00125,18.7500 
1.14E+02,8.70E-01,-1.25E-03,0.00125,18.7500 
1.14E+02,8.70E-01,-1.25E-03,0.00125,18.7500 
1.14E+02,8.70E-01,-1.25E-03,0.00125,18.7500 
1.14E+02,8.70E-01,-1.25E-03,0.00125,18.7500 
1.14E+02,8.70E-01,-1.25E-03,0.00125,18.7500 
1.14E+02,8.70E-01,-1.25E-03,0.00125,18.7500 
1.14E+02,8.70E-01,-1.25E-03,0.00125,18.7500 
1.15E+02,8.70E-01,-1.25E-03,0.00125,18.7500 
1.15E+02,8.70E-01,-1.25E-03,0.00125,18.7500 
1.15E+02,8.70E-01,-1.25E-03,0.00125,18.7500 
1.15E+02,8.70E-01,-1.25E-03,0.00125,18.7500 
1.15E+02,8.70E-01,-1.25E-03,0.00125,18.7500 
1.15E+02,8.70E-01,-1.25E-03,0.00125,18.7500 
1.15E+02,8.70E-01,-1.25E-03,0.00125,18.7500 
1.15E+02,8.70E-01,-1.25E-03,0.00125,18.7500 
1.15E+02,8.70E-01,-1.25E-03,0.00125,18.7500 
1.15E+02,8.70E-01,-1.25E-03,0.00125,18.7500 
1.16E+02,8.70E-01,-1.25E-03,0.00125,18.7500 
1.16E+02,8.70E-01,-1.25E-03,0.00125,18.7500 
1.16E+02,8.70E-01,-1.25E-03,0.00125,18.7500 
1.16E+02,8.70E-01,-1.25E-03,0.00125,18.7500 
1.16E+02,8.70E-01,-1.25E-03,0.00125,18.7500 
1.16E+02,8.70E-01,-1.25E-03,0.00125,18.7500 
1.16E+02,8.70E-01,-1.25E-03,0.00125,18.7500 
1.16E+02,8.70E-01,-1.25E-03,0.00125,18.7500 
1.16E+02,8.70E-01,-1.25E-03,0.00125,18.7500 
1.16E+02,8.70E-01,-1.25E-03,0.00125,18.7500 
1.17E+02,8.70E-01,-1.25E-03,0.00125,18.7500 
1.17E+02,8.70E-01,-1.25E-03,0.00125,18.7500 
1.17E+02,8.70E-01,-1.25E-03,0.00125,18.7500 
1.17E+02,8.70E-01,-1.25E-03,0.00125,18.7500 
1.17E+02,8.70E-01,-1.25E-03,0.00125,18.7500 
1.17E+02,8.70E-01,-1.25E-03,0.00125,18.7500 
1.17E+02,8.70E-01,-1.25E-03,0.00125,18.7500 
1.17E+02,8.70E-01,-1.25E-03,0.00125,18.7500 
1.17E+02,8.70E-01,-1.25E-03,0.00125,18.7500 
1.17E+02,8.70E-01,-1.25E-03,0.00125,18.7500 
1.18E+02,8.70E-01,-1.25E-03,0.00125,18.7500 
1.18E+02,8.70E-01,-1.25E-03,0.00125,18.7500 
1.18E+02,8.70E-01,-1.25E-03,0.00125,18.7500 
1.18E+02,8.70E-01,-1.25E-03,0.00125,18.7500 
1.18E+02,8.70E-01,-1.25E-03,0.00125,18.7500 
1.18E+02,8.70E-01,-1.25E-03,0.00125,18.7500 
1.18E+02,8.70E-01,-1.25E-03,0.00125,18.7500 
1.18E+02,8.70E-01,-1.25E-03,0.00125,18.7500 
1.18E+02,8.70E-01,-1.25E-03,0.00125,18.7500 
1.18E+02,8.70E-01,-1.25E-03,0.00125,18.7500 
1.19E+02,8.70E-01,-1.25E-03,0.00125,18.7500 
1.19E+02,8.70E-01,-1.25E-03,0.00125,18.7500 
1.19E+02,8.70E-01,-1.25E-03,0.00125,18.7500 
1.19E+02,8.70E-01,-1.25E-03,0.00125,18.7500 
1.19E+02,8.70E-01,-1.25E-03,0.00125,18.7500 
1.19E+02,8.70E-01,-1.25E-03,0.00125,18.7500 
1.19E+02,8.70E-01,-1.25E-03,0.00125,18.7500 
1.19E+02,8.70E-01,-1.25E-03,0.00125,18.7500 
1.19E+02,8.70E-01,-1.25E-03,0.00125,18.7500 
1.19E+02,8.70E-01,-1.25E-03,0.00125,18.7500 
1.20E+02,8.70E-01,-1.25E-03,0.00125,18.7500 
1.20E+02,8.70E-01,-1.25E-03,0.00125,18.7500 
1.20E+02,8.70E-01,-1.25E-03,0.00125,18.7500 
1.20E+02,8.70E-01,-1.25E-03,0.00125,18.7500 
1.20E+02,8.70E-01,-1.25E-03,0.00125,18.7500 
1.20E+02,8.70E-01,-1.25E-03,0.00125,18.7500 
1.20E+02,8.70E-01,-1.25E-03,0.00125,18.7500 
1.20E+02,8.70E-01,-1.25E-03,0.00125,18.7500 
1.20E+02,8.70E-01,-1.25E-03,0.00125,18.7500 
1.20E+02,8.70E-01,-1.25E-03,0.00125,18.7500 
1.21E+02,8.70E-01,-1.25E-03,0.00125,18.7500 
1.21E+02,8.70E-01,-1.25E-03,0.00125,18.7500 
1.21E+02,8.70E-01,-1.25E-03,0.00125,18.7500 
1.21E+02,8.70E-01,-1.25E-03,0.00125,18.7500 
1.21E+02,8.70E-01,-1.25E-03,0.00125,18.7500 
1.21E+02,8.70E-01,-1.25E-03,0.00125,18.7500 
1.21E+02,8.70E-01,-1.25E-03,0.00125,18.7500 
1.21E+02,8.70E-01,-1.25E-03,0.00125,18.7500 
1.21E+02,8.70E-01,-1.25E-03,0.00125,18.7500 
1.21E+02,8.70E-01,-1.25E-03,0.00125,18.7500 
1.22E+02,8.70E-01,-1.25E-03,0.00125,18.7500 
1.22E+02,8.70E-01,-1.25E-03,0.00125,18.7500 
1.22E+02,8.70E-01,-1.25E-03,0.00125,18.7500 
1.22E+02,8.70E-01,-1.25E-03,0.00125,18.7500 
1.22E+02,8.70E-01,-1.25E-03,0.00125,18.7500 
1.22E+02,8.70E-01,-1.25E-03,0.00125,18.7500 
1.22E+02,8.70E-01,-1.25E-03,0.00125,18.7500 
1.22E+02,8.70E-01,-1.25E-03,0.00125,18.7500 
1.22E+02,8.70E-01,-1.25E-03,0.00125,18.7500 
1.22E+02,8.70E-01,-1.25E-03,0.00125,18.7500 
1.23E+02,8.70E-01,-1.25E-03,0.00125,18.7500 
1.23E+02,8.70E-01,-1.25E-03,0.00125,18.7500 
1.23E+02,8.70E-01,-1.25E-03,0.00125,18.7500 
1.23E+02,8.70E-01,-1.25E-03,0.00125,18.7500 
1.23E+02,8.70E-01,-1.25E-03,0.00125,18.7500 
1.23E+02,8.70E-01,-1.25E-03,0.00125,18.7500 
1.23E+02,8.70E-01,-1.25E-03,0.00125,18.7500 
1.23E+02,8.70E-01,-1.25E-03,0.00125,18.7500 
1.23E+02,8.70E-01,-1.25E-03,0.00125,18.7500 
1.23E+02,8.70E-01,-1.25E-03,0.00125,18.7500 
1.24E+02,8.70E-01,-1.25E-03,0.00125,18.7500 
1.24E+02,8.70E-01,-1.25E-03,0.00125,18.7500 
1.24E+02,8.70E-01,-1.25E-03,0.00125,18.7500 
1.24E+02,8.70E-01,-1.25E-03,0.00125,18.7500 
1.24E+02,8.70E-01,-1.25E-03,0.00125,18.7500 
1.24E+02,8.70E-01,-1.25E-03,0.00125,18.7500 
1.24E+02,8.70E-01,-1.25E-03,0.00125,18.7500 
1.24E+02,8.70E-01,-1.25E-03,0.00125,18.7500 
1.24E+02,8.70E-01,-1.25E-03,0.00125,18.7500 
1.24E+02,8.70E-01,-1.25E-03,0.00125,18.7500 
1.25E+02,8.70E-01,-1.25E-03,0.00125,18.7500 
1.25E+02,8.70E-01,-1.25E-03,0.00125,18.7500 
1.25E+02,8.70E-01,-1.25E-03,0.00125,18.7500 
1.25E+02,8.70E-01,-1.25E-03,0.00125,18.7500 
1.25E+02,8.70E-01,-1.25E-03,0.00125,18.7500 
1.25E+02,8.70E-01,-1.25E-03,0.00125,18.7500 
1.25E+02,8.70E-01,-1.25E-03,0.00125,18.7500 
1.25E+02,8.70E-01,-1.25E-03,0.00125,18.7500 
1.25E+02,8.70E-01,-1.25E-03,0.00125,18.7500 
1.25E+02,8.70E-01,-1.25E-03,0.00125,18.7500 
1.26E+02,8.70E-01,-1.25E-03,0.00125,18.7500 
1.26E+02,8.70E-01,-1.25E-03,0.00125,18.7500 
1.26E+02,8.70E-01,-1.25E-03,0.00125,18.7500 
1.26E+02,8.70E-01,-1.25E-03,0.00125,18.7500 
1.26E+02,8.70E-01,-1.25E-03,0.00125,18.7500 
1.26E+02,8.70E-01,-1.25E-03,0.00125,18.7500 
1.26E+02,8.70E-01,-1.25E-03,0.00125,18.7500 
1.26E+02,8.70E-01,-1.25E-03,0.00125,18.7500 
1.26E+02,8.70E-01,-1.25E-03,0.00125,18.7500 
1.26E+02,8.70E-01,-1.25E-03,0.00125,18.7500 
1.27E+02,8.70E-01,-1.25E-03,0.00125,18.7500 
1.27E+02,8.70E-01,-1.25E-03,0.00125,18.7500 
1.27E+02,8.70E-01,-1.25E-03,0.00125,18.7500 
1.27E+02,8.70E-01,-1.25E-03,0.00125,18.7500 
1.27E+02,8.70E-01,-1.25E-03,0.00125,18.7500 
1.27E+02,8.70E-01,-1.25E-03,0.00125,18.7500 
1.27E+02,8.70E-01,-1.25E-03,0.00125,18.7500 
1.27E+02,8.70E-01,-1.25E-03,0.00125,18.7500 
1.27E+02,8.70E-01,-1.25E-03,0.00125,18.7500 
1.27E+02,8.70E-01,-1.25E-03,0.00125,18.7500 
1.28E+02,8.70E-01,-1.25E-03,0.00125,18.7500 
1.28E+02,8.70E-01,-1.25E-03,0.00125,18.7500 
1.28E+02,8.70E-01,-1.25E-03,0.00125,18.7500 
1.28E+02,8.70E-01,-1.25E-03,0.00125,18.7500 
1.28E+02,8.70E-01,-1.25E-03,0.00125,18.7500 
1.28E+02,8.70E-01,-1.25E-03,0.00125,18.7500 
1.28E+02,8.70E-01,-1.25E-03,0.00125,18.7500 
1.28E+02,8.70E-01,-1.25E-03,0.00125,18.7500 
1.28E+02,8.70E-01,-1.25E-03,0.00125,18.7500 
1.28E+02,8.70E-01,-1.25E-03,0.00125,18.7500 
1.29E+02,8.70E-01,-1.25E-03,0.00125,18.7500 
1.29E+02,8.70E-01,-1.25E-03,0.00125,18.7500 
1.29E+02,8.70E-01,-1.25E-03,0.00125,18.7500 
1.29E+02,8.70E-01,-1.25E-03,0.00125,18.7500 
1.29E+02,8.70E-01,-1.25E-03,0.00125,18.7500 
1.29E+02,8.70E-01,-1.25E-03,0.00125,18.7500 
1.29E+02,8.70E-01,-1.25E-03,0.00125,18.7500 
1.29E+02,8.70E-01,-1.25E-03,0.00125,18.7500 
1.29E+02,8.70E-01,-1.25E-03,0.00125,18.7500 
1.29E+02,8.70E-01,-1.25E-03,0.00125,18.7500 
1.30E+02,8.70E-01,-1.25E-03,0.00125,18.7500 
1.30E+02,8.70E-01,-1.25E-03,0.00125,18.7500 
1.30E+02,8.70E-01,-1.25E-03,0.00125,18.7500 
1.30E+02,8.70E-01,-1.25E-03,0.00125,18.7500 
1.30E+02,8.70E-01,-1.25E-03,0.00125,18.7500 
1.30E+02,8.70E-01,-1.25E-03,0.00125,18.7500 
1.30E+02,8.70E-01,-1.25E-03,0.00125,18.7500 
1.30E+02,8.70E-01,-1.25E-03,0.00125,18.7500 
1.30E+02,8.70E-01,-1.25E-03,0.00125,18.7500 
1.30E+02,8.70E-01,-1.25E-03,0.00125,18.7500 
1.31E+02,8.70E-01,-1.25E-03,0.00125,18.7500 
1.31E+02,8.70E-01,-1.25E-03,0.00125,18.7500 
1.31E+02,8.70E-01,-1.25E-03,0.00125,18.7500 
1.31E+02,8.70E-01,-1.25E-03,0.00125,18.7500 
1.31E+02,8.70E-01,-1.25E-03,0.00125,18.7500 
1.31E+02,8.70E-01,-1.25E-03,0.00125,18.7500 
1.31E+02,8.70E-01,-1.25E-03,0.00125,18.7500 
1.31E+02,8.70E-01,-1.25E-03,0.00125,18.7500 
1.31E+02,8.70E-01,-1.25E-03,0.00125,18.7500 
1.31E+02,8.70E-01,-1.25E-03,0.00125,18.7500 
1.32E+02,8.70E-01,-1.25E-03,0.00125,18.7500 
1.32E+02,8.70E-01,-1.25E-03,0.00125,18.7500 
1.32E+02,8.70E-01,-1.25E-03,0.00125,18.7500 
1.32E+02,8.70E-01,-1.25E-03,0.00125,18.7500 
1.32E+02,8.70E-01,-1.25E-03,0.00125,18.7500 
1.32E+02,8.70E-01,-1.25E-03,0.00125,18.7500 
1.32E+02,8.70E-01,-1.25E-03,0.00125,18.7500 
1.32E+02,8.70E-01,-1.25E-03,0.00125,18.7500 
1.32E+02,8.70E-01,-1.25E-03,0.00125,18.7500 
1.32E+02,8.70E-01,-1.25E-03,0.00125,18.7500 
1.33E+02,8.70E-01,-1.25E-03,0.00125,18.7500 
1.33E+02,8.70E-01,-1.25E-03,0.00125,18.7500 
1.33E+02,8.70E-01,-1.25E-03,0.00125,18.7500 
1.33E+02,8.70E-01,-1.25E-03,0.00125,18.7500 
1.33E+02,8.70E-01,-1.25E-03,0.00125,18.7500 
1.33E+02,8.70E-01,-1.25E-03,0.00125,18.7500 
1.33E+02,8.70E-01,-1.25E-03,0.00125,18.7500 
1.33E+02,8.70E-01,-1.25E-03,0.00125,18.7500 
1.33E+02,8.70E-01,-1.25E-03,0.00125,18.7500 
1.33E+02,8.70E-01,-1.25E-03,0.00125,18.7500 
1.34E+02,8.70E-01,-1.25E-03,0.00125,18.7500 
1.34E+02,8.70E-01,-1.25E-03,0.00125,18.7500 
1.34E+02,8.70E-01,-1.25E-03,0.00125,18.7500 
1.34E+02,8.70E-01,-1.25E-03,0.00125,18.7500 
1.34E+02,8.70E-01,-1.25E-03,0.00125,18.7500 
1.34E+02,8.70E-01,-1.25E-03,0.00125,18.7500 
1.34E+02,8.70E-01,-1.25E-03,0.00125,18.7500 
1.34E+02,8.70E-01,-1.25E-03,0.00125,18.7500 
1.34E+02,8.70E-01,-1.25E-03,0.00125,18.7500 
1.34E+02,8.70E-01,-1.25E-03,0.00125,18.7500 
1.35E+02,8.70E-01,-1.25E-03,0.00125,18.7500 
1.35E+02,8.70E-01,-1.25E-03,0.00125,18.7500 
1.35E+02,8.70E-01,-1.25E-03,0.00125,18.7500 
1.35E+02,8.70E-01,-1.25E-03,0.00125,18.7500 
1.35E+02,8.70E-01,-1.25E-03,0.00125,18.7500 
1.35E+02,8.70E-01,-1.25E-03,0.00125,18.7500 
1.35E+02,8.70E-01,-1.25E-03,0.00125,18.7500 
1.35E+02,8.70E-01,-1.25E-03,0.00125,18.7500 
1.35E+02,8.70E-01,-1.25E-03,0.00125,18.7500 
1.35E+02,8.70E-01,-1.25E-03,0.00125,18.7500 
1.36E+02,8.70E-01,-1.25E-03,0.00125,18.7500 
1.36E+02,8.70E-01,-1.25E-03,0.00125,18.7500 
1.36E+02,8.70E-01,-1.25E-03,0.00125,18.7500 
1.36E+02,8.70E-01,-1.25E-03,0.00125,18.7500 
1.36E+02,8.70E-01,-1.25E-03,0.00125,18.7500 
1.36E+02,8.70E-01,-1.25E-03,0.00125,18.7500 
1.36E+02,8.70E-01,-1.25E-03,0.00125,18.7500 
1.36E+02,8.70E-01,-1.25E-03,0.00125,18.7500 
1.36E+02,8.70E-01,-1.25E-03,0.00125,18.7500 
1.36E+02,8.70E-01,-1.25E-03,0.00125,18.7500 
1.37E+02,8.70E-01,-1.25E-03,0.00125,18.7500 
1.37E+02,8.70E-01,-1.25E-03,0.00125,18.7500 
1.37E+02,8.70E-01,-1.25E-03,0.00125,18.7500 
1.37E+02,8.70E-01,-1.25E-03,0.00125,18.7500 
1.37E+02,8.70E-01,-1.25E-03,0.00125,18.7500 
1.37E+02,8.70E-01,-1.25E-03,0.00125,18.7500 
1.37E+02,8.70E-01,-1.25E-03,0.00125,18.7500 
1.37E+02,8.70E-01,-1.25E-03,0.00125,18.7500 
1.37E+02,8.70E-01,-1.25E-03,0.00125,18.7500 
1.37E+02,8.70E-01,-1.25E-03,0.00125,18.7500 
1.38E+02,8.70E-01,-1.25E-03,0.00125,18.7500 
1.38E+02,8.70E-01,-1.25E-03,0.00125,18.7500 
1.38E+02,8.70E-01,-1.25E-03,0.00125,18.7500 
1.38E+02,8.70E-01,-1.25E-03,0.00125,18.7500 
1.38E+02,8.70E-01,-1.25E-03,0.00125,18.7500 
1.38E+02,8.70E-01,-1.25E-03,0.00125,18.7500 
1.38E+02,8.70E-01,-1.25E-03,0.00125,18.7500 
1.38E+02,8.70E-01,-1.25E-03,0.00125,18.7500 
1.38E+02,8.70E-01,-1.25E-03,0.00125,18.7500 
1.38E+02,8.70E-01,-1.25E-03,0.00125,18.7500 
1.39E+02,8.70E-01,-1.25E-03,0.00125,18.7500 
1.39E+02,8.70E-01,-1.25E-03,0.00125,18.7500 
1.39E+02,8.70E-01,-1.25E-03,0.00125,18.7500 
1.39E+02,8.70E-01,-1.25E-03,0.00125,18.7500 
1.39E+02,8.70E-01,-1.25E-03,0.00125,18.7500 
1.39E+02,8.70E-01,-1.25E-03,0.00125,18.7500 
1.39E+02,8.70E-01,-1.25E-03,0.00125,18.7500 
1.39E+02,8.70E-01,-1.25E-03,0.00125,18.7500 
1.39E+02,8.70E-01,-1.25E-03,0.00125,18.7500 
1.39E+02,8.70E-01,-1.25E-03,0.00125,18.7500 
1.40E+02,8.70E-01,-1.25E-03,0.00125,18.7500 
1.40E+02,8.70E-01,-1.25E-03,0.00125,18.7500 
1.40E+02,8.70E-01,-1.25E-03,0.00125,18.7500 
1.40E+02,8.70E-01,-1.25E-03,0.00125,18.7500 
1.40E+02,8.70E-01,-1.25E-03,0.00125,18.7500 
1.40E+02,8.70E-01,-1.25E-03,0.00125,18.7500 
1.40E+02,8.70E-01,-1.25E-03,0.00125,18.7500 
1.40E+02,8.70E-01,-1.25E-03,0.00125,18.7500 
1.40E+02,8.70E-01,-1.25E-03,0.00125,18.7500 
1.40E+02,8.70E-01,-1.25E-03,0.00125,18.7500 
1.41E+02,8.70E-01,-1.25E-03,0.00125,18.7500 
1.41E+02,8.70E-01,-1.25E-03,0.00125,18.7500 
1.41E+02,8.70E-01,-1.25E-03,0.00125,18.7500 
1.41E+02,8.70E-01,-1.25E-03,0.00125,18.7500 
1.41E+02,8.70E-01,-1.25E-03,0.00125,18.7500 
1.41E+02,8.70E-01,-1.25E-03,0.00125,18.7500 
1.41E+02,8.70E-01,-1.25E-03,0.00125,18.7500 
1.41E+02,8.70E-01,-1.25E-03,0.00125,18.7500 
1.41E+02,8.70E-01,-1.25E-03,0.00125,18.7500 
1.41E+02,8.70E-01,-1.25E-03,0.00125,18.7500 
1.42E+02,8.70E-01,-1.25E-03,0.00125,18.7500 
1.42E+02,8.70E-01,-1.25E-03,0.00125,18.7500 
1.42E+02,8.70E-01,-1.25E-03,0.00125,18.7500 
1.42E+02,8.70E-01,-1.25E-03,0.00125,18.7500 
1.42E+02,8.70E-01,-1.25E-03,0.00125,18.7500 
1.42E+02,8.70E-01,-1.25E-03,0.00125,18.7500 
1.42E+02,8.70E-01,-1.25E-03,0.00125,18.7500 
1.42E+02,8.70E-01,-1.25E-03,0.00125,18.7500 
1.42E+02,8.70E-01,-1.25E-03,0.00125,18.7500 
1.42E+02,8.70E-01,-1.25E-03,0.00125,18.7500 
1.43E+02,8.70E-01,-1.25E-03,0.00125,18.7500 
1.43E+02,8.70E-01,-1.25E-03,0.00125,18.7500 
1.43E+02,8.70E-01,-1.25E-03,0.00125,18.7500 
1.43E+02,8.70E-01,-1.25E-03,0.00125,18.7500 
1.43E+02,8.70E-01,-1.25E-03,0.00125,18.7500 
1.43E+02,8.70E-01,-1.25E-03,0.00125,18.7500 
1.43E+02,8.70E-01,-1.25E-03,0.00125,18.7500 
1.43E+02,8.70E-01,-1.25E-03,0.00125,18.7500 
1.43E+02,8.70E-01,-1.25E-03,0.00125,18.7500 
1.43E+02,8.70E-01,-1.25E-03,0.00125,18.7500 
1.44E+02,8.70E-01,-1.25E-03,0.00125,18.7500 
1.44E+02,8.70E-01,-1.25E-03,0.00125,18.7500 
1.44E+02,8.70E-01,-1.25E-03,0.00125,18.7500 
1.44E+02,8.70E-01,-1.25E-03,0.00125,18.7500 
1.44E+02,8.70E-01,-1.25E-03,0.00125,18.7500 
1.44E+02,8.70E-01,-1.25E-03,0.00125,18.7500 
1.44E+02,8.70E-01,-1.25E-03,0.00125,18.7500 
1.44E+02,8.70E-01,-1.25E-03,0.00125,18.7500 
1.44E+02,8.70E-01,-1.25E-03,0.00125,18.7500 
1.44E+02,8.70E-01,-1.25E-03,0.00125,18.7500 
1.45E+02,8.70E-01,-1.25E-03,0.00125,18.7500 
1.45E+02,8.70E-01,-1.25E-03,0.00125,18.7500 
1.45E+02,8.70E-01,-1.25E-03,0.00125,18.7500 
1.45E+02,8.70E-01,-1.25E-03,0.00125,18.7500 
1.45E+02,8.70E-01,-1.25E-03,0.00125,18.7500 
1.45E+02,8.70E-01,-1.25E-03,0.00125,18.7500 
1.45E+02,8.70E-01,-1.25E-03,0.00125,18.7500 
1.45E+02,8.70E-01,-1.25E-03,0.00125,18.7500 
1.45E+02,8.70E-01,-1.25E-03,0.00125,18.7500 
1.45E+02,8.70E-01,-1.25E-03,0.00125,18.7500 
1.46E+02,8.70E-01,-1.25E-03,0.00125,18.7500 
1.46E+02,8.70E-01,-1.25E-03,0.00125,18.7500 
1.46E+02,8.70E-01,-1.25E-03,0.00125,18.7500 
1.46E+02,8.70E-01,-1.25E-03,0.00125,18.7500 
1.46E+02,8.70E-01,-1.25E-03,0.00125,18.7500 
1.46E+02,8.70E-01,-1.25E-03,0.00125,18.7500 
1.46E+02,8.70E-01,-1.25E-03,0.00125,18.7500 
1.46E+02,8.70E-01,-1.25E-03,0.00125,18.7500 
1.46E+02,8.70E-01,-1.25E-03,0.00125,18.7500 
1.46E+02,8.70E-01,-1.25E-03,0.00125,18.7500 
1.47E+02,8.70E-01,-1.25E-03,0.00125,18.7500 
1.47E+02,8.70E-01,-1.25E-03,0.00125,18.7500 
1.47E+02,8.70E-01,-1.25E-03,0.00125,18.7500 
1.47E+02,8.70E-01,-1.25E-03,0.00125,18.7500 
1.47E+02,8.70E-01,-1.25E-03,0.00125,18.7500 
1.47E+02,8.70E-01,-1.25E-03,0.00125,18.7500 
1.47E+02,8.70E-01,-1.25E-03,0.00125,18.7500 
1.47E+02,8.70E-01,-1.25E-03,0.00125,18.7500 
1.47E+02,8.70E-01,-1.25E-03,0.00125,18.7500 
1.47E+02,8.70E-01,-1.25E-03,0.00125,18.7500 
1.48E+02,8.70E-01,-1.25E-03,0.00125,18.7500 
1.48E+02,8.70E-01,-1.25E-03,0.00125,18.7500 
1.48E+02,8.70E-01,-1.25E-03,0.00125,18.7500 
1.48E+02,8.70E-01,-1.25E-03,0.00125,18.7500 
1.48E+02,8.70E-01,-1.25E-03,0.00125,18.7500 
1.48E+02,8.70E-01,-1.25E-03,0.00125,18.7500 
1.48E+02,8.70E-01,-1.25E-03,0.00125,18.7500 
1.48E+02,8.70E-01,-1.25E-03,0.00125,18.7500 
1.48E+02,8.70E-01,-1.25E-03,0.00125,18.7500 
1.48E+02,8.70E-01,-1.25E-03,0.00125,18.7500 
1.49E+02,8.70E-01,-1.25E-03,0.00125,18.7500 
1.49E+02,8.70E-01,-1.25E-03,0.00125,18.7500 
1.49E+02,8.70E-01,-1.25E-03,0.00125,18.7500 
1.49E+02,8.70E-01,-1.25E-03,0.00125,18.7500 
1.49E+02,8.70E-01,-1.25E-03,0.00125,18.7500 
1.49E+02,8.70E-01,-1.25E-03,0.00125,18.7500 
1.49E+02,8.70E-01,-1.25E-03,0.00125,18.7500 
1.49E+02,8.70E-01,-1.25E-03,0.00125,18.7500 
1.49E+02,8.70E-01,-1.25E-03,0.00125,18.7500 
1.49E+02,8.70E-01,-1.25E-03,0.00125,18.7500 
1.50E+02,8.70E-01,-1.25E-03,0.00125,18.7500 
1.50E+02,8.70E-01,-1.25E-03,0.00125,18.7500 
1.50E+02,8.70E-01,-1.25E-03,0.00125,18.7500 
1.50E+02,8.70E-01,-1.25E-03,0.00125,18.7500 
1.50E+02,8.70E-01,-1.25E-03,0.00125,18.7500 
1.50E+02,8.70E-01,-1.25E-03,0.00125,18.7500 
1.50E+02,8.70E-01,-1.25E-03,0.00125,18.7500 
1.50E+02,8.70E-01,-1.25E-03,0.00125,18.7500 
1.50E+02,8.70E-01,-1.25E-03,0.00125,18.7500 
1.50E+02,8.70E-01,-1.25E-03,0.00125,18.7500 
1.51E+02,8.70E-01,-1.25E-03,0.00125,18.7500 
1.51E+02,8.70E-01,-1.25E-03,0.00125,18.7500 
1.51E+02,8.70E-01,-1.25E-03,0.00125,18.7500 
1.51E+02,8.70E-01,-1.25E-03,0.00125,18.7500 
1.51E+02,8.70E-01,-1.25E-03,0.00125,18.7500 
1.51E+02,8.70E-01,-1.25E-03,0.00125,18.7500 
1.51E+02,8.70E-01,-1.25E-03,0.00125,18.7500 
1.51E+02,8.70E-01,-1.25E-03,0.00125,18.7500 
1.51E+02,8.70E-01,-1.25E-03,0.00125,18.7500 
1.51E+02,8.70E-01,-1.25E-03,0.00125,18.7500 
1.52E+02,8.70E-01,-1.25E-03,0.00125,18.7500 
1.52E+02,8.70E-01,-1.25E-03,0.00125,18.7500 
1.52E+02,8.70E-01,-1.25E-03,0.00125,18.7500 
1.52E+02,8.70E-01,-1.25E-03,0.00125,18.7500 
1.52E+02,8.70E-01,-1.25E-03,0.00125,18.7500 
1.52E+02,8.70E-01,-1.25E-03,0.00125,18.7500 
1.52E+02,8.70E-01,-1.25E-03,0.00125,18.7500 
1.52E+02,8.70E-01,-1.25E-03,0.00125,18.7500 
1.52E+02,8.70E-01,-1.25E-03,0.00125,18.7500 
1.52E+02,8.70E-01,-1.25E-03,0.00125,18.7500 
1.53E+02,8.70E-01,-1.25E-03,0.00125,18.7500 
1.53E+02,8.70E-01,-1.25E-03,0.00125,18.7500 
1.53E+02,8.70E-01,-1.25E-03,0.00125,18.7500 
1.53E+02,8.70E-01,-1.25E-03,0.00125,18.7500 
1.53E+02,8.70E-01,-1.25E-03,0.00125,18.7500 
1.53E+02,8.70E-01,-1.25E-03,0.00125,18.7500 
1.53E+02,8.70E-01,-1.24E-03,0.00124,18.6000 
1.53E+02,8.70E-01,-1.25E-03,0.00125,18.7500 
1.53E+02,8.70E-01,-1.25E-03,0.00125,18.7500 
1.53E+02,8.70E-01,-1.25E-03,0.00125,18.7500 
1.54E+02,8.70E-01,-1.25E-03,0.00125,18.7500 
1.54E+02,8.70E-01,-1.25E-03,0.00125,18.7500 
1.54E+02,8.70E-01,-1.25E-03,0.00125,18.7500 
1.54E+02,8.70E-01,-1.25E-03,0.00125,18.7500 
1.54E+02,8.70E-01,-1.25E-03,0.00125,18.7500 
1.54E+02,8.70E-01,-1.25E-03,0.00125,18.7500 
1.54E+02,8.70E-01,-1.25E-03,0.00125,18.7500 
1.54E+02,8.70E-01,-1.25E-03,0.00125,18.7500 
1.54E+02,8.70E-01,-1.25E-03,0.00125,18.7500 
1.54E+02,8.70E-01,-1.25E-03,0.00125,18.7500 
1.55E+02,8.70E-01,-1.25E-03,0.00125,18.7500 
1.55E+02,8.70E-01,-1.25E-03,0.00125,18.7500 
1.55E+02,8.70E-01,-1.25E-03,0.00125,18.7500 
1.55E+02,8.70E-01,-1.25E-03,0.00125,18.7500 
1.55E+02,8.70E-01,-1.25E-03,0.00125,18.7500 
1.55E+02,8.70E-01,-1.25E-03,0.00125,18.7500 
1.55E+02,8.70E-01,-1.25E-03,0.00125,18.7500 
1.55E+02,8.70E-01,-1.25E-03,0.00125,18.7500 
1.55E+02,8.70E-01,-1.25E-03,0.00125,18.7500 
1.55E+02,8.70E-01,-1.25E-03,0.00125,18.7500 
1.56E+02,8.70E-01,-1.25E-03,0.00125,18.7500 
1.56E+02,8.70E-01,-1.25E-03,0.00125,18.7500 
1.56E+02,8.70E-01,-1.25E-03,0.00125,18.7500 
1.56E+02,8.70E-01,-1.25E-03,0.00125,18.7500 
1.56E+02,8.70E-01,-1.25E-03,0.00125,18.7500 
1.56E+02,8.70E-01,-1.25E-03,0.00125,18.7500 
1.56E+02,8.70E-01,-1.25E-03,0.00125,18.7500 
1.56E+02,8.70E-01,-1.25E-03,0.00125,18.7500 
1.56E+02,8.70E-01,-1.25E-03,0.00125,18.7500 
1.56E+02,8.70E-01,-1.25E-03,0.00125,18.7500 
1.57E+02,8.70E-01,-1.25E-03,0.00125,18.7500 
1.57E+02,8.70E-01,-1.25E-03,0.00125,18.7500 
1.57E+02,8.70E-01,-1.25E-03,0.00125,18.7500 
1.57E+02,8.70E-01,-1.25E-03,0.00125,18.7500 
1.57E+02,8.70E-01,-1.25E-03,0.00125,18.7500 
1.57E+02,8.70E-01,-1.25E-03,0.00125,18.7500 
1.57E+02,8.70E-01,-1.25E-03,0.00125,18.7500 
1.57E+02,8.70E-01,-1.25E-03,0.00125,18.7500 
1.57E+02,8.70E-01,-1.25E-03,0.00125,18.7500 
1.57E+02,8.70E-01,-1.25E-03,0.00125,18.7500 
1.58E+02,8.70E-01,-1.25E-03,0.00125,18.7500 
1.58E+02,8.70E-01,-1.25E-03,0.00125,18.7500 
1.58E+02,8.70E-01,-1.25E-03,0.00125,18.7500 
1.58E+02,8.70E-01,-1.25E-03,0.00125,18.7500 
1.58E+02,8.70E-01,-1.25E-03,0.00125,18.7500 
1.58E+02,8.70E-01,-1.25E-03,0.00125,18.7500 
1.58E+02,8.70E-01,-1.25E-03,0.00125,18.7500 
1.58E+02,8.70E-01,-1.25E-03,0.00125,18.7500 
1.58E+02,8.70E-01,-1.25E-03,0.00125,18.7500 
1.58E+02,8.70E-01,-1.25E-03,0.00125,18.7500 
1.59E+02,8.70E-01,-1.25E-03,0.00125,18.7500 
1.59E+02,8.70E-01,-1.25E-03,0.00125,18.7500 
1.59E+02,8.70E-01,-1.25E-03,0.00125,18.7500 
1.59E+02,8.70E-01,-1.25E-03,0.00125,18.7500 
1.59E+02,8.70E-01,-1.25E-03,0.00125,18.7500 
1.59E+02,8.70E-01,-1.25E-03,0.00125,18.7500 
1.59E+02,8.70E-01,-1.25E-03,0.00125,18.7500 
1.59E+02,8.70E-01,-1.25E-03,0.00125,18.7500 
1.59E+02,8.70E-01,-1.25E-03,0.00125,18.7500 
1.59E+02,8.70E-01,-1.25E-03,0.00125,18.7500 
1.60E+02,8.70E-01,-1.25E-03,0.00125,18.7500 
1.60E+02,8.70E-01,-1.25E-03,0.00125,18.7500 
1.60E+02,8.70E-01,-1.25E-03,0.00125,18.7500 
1.60E+02,8.70E-01,-1.25E-03,0.00125,18.7500 
1.60E+02,8.70E-01,-1.25E-03,0.00125,18.7500 
1.60E+02,8.70E-01,-1.25E-03,0.00125,18.7500 
1.60E+02,8.70E-01,-1.25E-03,0.00125,18.7500 
1.60E+02,8.70E-01,-1.25E-03,0.00125,18.7500 
1.60E+02,8.70E-01,-1.25E-03,0.00125,18.7500 
1.60E+02,8.70E-01,-1.25E-03,0.00125,18.7500 
1.61E+02,8.70E-01,-1.25E-03,0.00125,18.7500 
1.61E+02,8.70E-01,-1.25E-03,0.00125,18.7500 
1.61E+02,8.70E-01,-1.25E-03,0.00125,18.7500 
1.61E+02,8.70E-01,-1.25E-03,0.00125,18.7500 
1.61E+02,8.70E-01,-1.25E-03,0.00125,18.7500 
1.61E+02,8.70E-01,-1.25E-03,0.00125,18.7500 
1.61E+02,8.70E-01,-1.25E-03,0.00125,18.7500 
1.61E+02,8.70E-01,-1.25E-03,0.00125,18.7500 
1.61E+02,8.70E-01,-1.25E-03,0.00125,18.7500 
1.61E+02,8.70E-01,-1.25E-03,0.00125,18.7500 
1.62E+02,8.70E-01,-1.25E-03,0.00125,18.7500 
1.62E+02,8.70E-01,-1.25E-03,0.00125,18.7500 
1.62E+02,8.70E-01,-1.25E-03,0.00125,18.7500 
1.62E+02,8.70E-01,-1.25E-03,0.00125,18.7500 
1.62E+02,8.70E-01,-1.25E-03,0.00125,18.7500 
1.62E+02,8.70E-01,-1.25E-03,0.00125,18.7500 
1.62E+02,8.70E-01,-1.25E-03,0.00125,18.7500 
1.62E+02,8.70E-01,-1.25E-03,0.00125,18.7500 
1.62E+02,8.70E-01,-1.25E-03,0.00125,18.7500 
1.62E+02,8.70E-01,-1.25E-03,0.00125,18.7500 
1.63E+02,8.70E-01,-1.25E-03,0.00125,18.7500 
1.63E+02,8.70E-01,-1.25E-03,0.00125,18.7500 
1.63E+02,8.70E-01,-1.25E-03,0.00125,18.7500 
1.63E+02,8.70E-01,-1.25E-03,0.00125,18.7500 
1.63E+02,8.70E-01,-1.25E-03,0.00125,18.7500 
1.63E+02,8.70E-01,-1.25E-03,0.00125,18.7500 
1.63E+02,8.70E-01,-1.25E-03,0.00125,18.7500 
1.63E+02,8.70E-01,-1.25E-03,0.00125,18.7500 
1.63E+02,8.70E-01,-1.25E-03,0.00125,18.7500 
1.63E+02,8.70E-01,-1.25E-03,0.00125,18.7500 
1.64E+02,8.70E-01,-1.25E-03,0.00125,18.7500 
1.64E+02,8.70E-01,-1.25E-03,0.00125,18.7500 
1.64E+02,8.70E-01,-1.25E-03,0.00125,18.7500 
1.64E+02,8.70E-01,-1.25E-03,0.00125,18.7500 
1.64E+02,8.70E-01,-1.25E-03,0.00125,18.7500 
1.64E+02,8.70E-01,-1.25E-03,0.00125,18.7500 
1.64E+02,8.70E-01,-1.25E-03,0.00125,18.7500 
1.64E+02,8.70E-01,-1.25E-03,0.00125,18.7500 
1.64E+02,8.70E-01,-1.25E-03,0.00125,18.7500 
1.64E+02,8.70E-01,-1.25E-03,0.00125,18.7500 
1.65E+02,8.70E-01,-1.25E-03,0.00125,18.7500 
1.65E+02,8.70E-01,-1.25E-03,0.00125,18.7500 
1.65E+02,8.70E-01,-1.25E-03,0.00125,18.7500 
1.65E+02,8.70E-01,-1.25E-03,0.00125,18.7500 
1.65E+02,8.70E-01,-1.25E-03,0.00125,18.7500 
1.65E+02,8.70E-01,-1.25E-03,0.00125,18.7500 
1.65E+02,8.70E-01,-1.25E-03,0.00125,18.7500 
1.65E+02,8.70E-01,-1.25E-03,0.00125,18.7500 
1.65E+02,8.70E-01,-1.25E-03,0.00125,18.7500 
1.65E+02,8.70E-01,-1.25E-03,0.00125,18.7500 
1.66E+02,8.70E-01,-1.25E-03,0.00125,18.7500 
1.66E+02,8.70E-01,-1.25E-03,0.00125,18.7500 
1.66E+02,8.70E-01,-1.25E-03,0.00125,18.7500 
1.66E+02,8.70E-01,-1.25E-03,0.00125,18.7500 
1.66E+02,8.70E-01,-1.25E-03,0.00125,18.7500 
1.66E+02,8.70E-01,-1.25E-03,0.00125,18.7500 
1.66E+02,8.70E-01,-1.25E-03,0.00125,18.7500 
1.66E+02,8.70E-01,-1.25E-03,0.00125,18.7500 
1.66E+02,8.70E-01,-1.25E-03,0.00125,18.7500 
1.66E+02,8.70E-01,-1.25E-03,0.00125,18.7500 
1.67E+02,8.70E-01,-1.25E-03,0.00125,18.7500 
1.67E+02,8.70E-01,-1.25E-03,0.00125,18.7500 
1.67E+02,8.70E-01,-1.25E-03,0.00125,18.7500 
1.67E+02,8.70E-01,-1.25E-03,0.00125,18.7500 
1.67E+02,8.70E-01,-1.25E-03,0.00125,18.7500 
1.67E+02,8.70E-01,-1.25E-03,0.00125,18.7500 
1.67E+02,8.70E-01,-1.25E-03,0.00125,18.7500 
1.67E+02,8.70E-01,-1.25E-03,0.00125,18.7500 
1.67E+02,8.70E-01,-1.25E-03,0.00125,18.7500 
1.67E+02,8.70E-01,-1.25E-03,0.00125,18.7500 
1.68E+02,8.70E-01,-1.25E-03,0.00125,18.7500 
1.68E+02,8.70E-01,-1.25E-03,0.00125,18.7500 
1.68E+02,8.70E-01,-1.25E-03,0.00125,18.7500 
1.68E+02,8.70E-01,-1.25E-03,0.00125,18.7500 
1.68E+02,8.70E-01,-1.25E-03,0.00125,18.7500 
1.68E+02,8.70E-01,-1.25E-03,0.00125,18.7500 
1.68E+02,8.70E-01,-1.25E-03,0.00125,18.7500 
1.68E+02,8.70E-01,-1.25E-03,0.00125,18.7500 
1.68E+02,8.70E-01,-1.25E-03,0.00125,18.7500 
1.68E+02,8.70E-01,-1.25E-03,0.00125,18.7500 
1.69E+02,8.70E-01,-1.25E-03,0.00125,18.7500 
1.69E+02,8.70E-01,-1.25E-03,0.00125,18.7500 
1.69E+02,8.70E-01,-1.25E-03,0.00125,18.7500 
1.69E+02,8.70E-01,-1.25E-03,0.00125,18.7500 
1.69E+02,8.70E-01,-1.25E-03,0.00125,18.7500 
1.69E+02,8.70E-01,-1.25E-03,0.00125,18.7500 
1.69E+02,8.70E-01,-1.25E-03,0.00125,18.7500 
1.69E+02,8.70E-01,-1.25E-03,0.00125,18.7500 
1.69E+02,8.70E-01,-1.25E-03,0.00125,18.7500 
1.69E+02,8.70E-01,-1.25E-03,0.00125,18.7500 
1.70E+02,8.70E-01,-1.25E-03,0.00125,18.7500 
1.70E+02,8.70E-01,-1.25E-03,0.00125,18.7500 
1.70E+02,8.70E-01,-1.25E-03,0.00125,18.7500 
1.70E+02,8.70E-01,-1.25E-03,0.00125,18.7500 
1.70E+02,8.70E-01,-1.25E-03,0.00125,18.7500 
1.70E+02,8.70E-01,-1.25E-03,0.00125,18.7500 
1.70E+02,8.70E-01,-1.25E-03,0.00125,18.7500 
1.70E+02,8.70E-01,-1.25E-03,0.00125,18.7500 
1.70E+02,8.70E-01,-1.25E-03,0.00125,18.7500 
1.70E+02,8.70E-01,-1.25E-03,0.00125,18.7500 
1.71E+02,8.70E-01,-1.25E-03,0.00125,18.7500 
1.71E+02,8.70E-01,-1.25E-03,0.00125,18.7500 
1.71E+02,8.70E-01,-1.25E-03,0.00125,18.7500 
1.71E+02,8.70E-01,-1.25E-03,0.00125,18.7500 
1.71E+02,8.70E-01,-1.25E-03,0.00125,18.7500 
1.71E+02,8.70E-01,-1.25E-03,0.00125,18.7500 
1.71E+02,8.70E-01,-1.24E-03,0.00124,18.6000 
1.71E+02,8.70E-01,-1.25E-03,0.00125,18.7500 
1.71E+02,8.70E-01,-1.25E-03,0.00125,18.7500 
1.71E+02,8.70E-01,-1.25E-03,0.00125,18.7500 
1.72E+02,8.70E-01,-1.25E-03,0.00125,18.7500 
1.72E+02,8.70E-01,-1.25E-03,0.00125,18.7500 
1.72E+02,8.70E-01,-1.25E-03,0.00125,18.7500 
1.72E+02,8.70E-01,-1.25E-03,0.00125,18.7500 
1.72E+02,8.70E-01,-1.25E-03,0.00125,18.7500 
1.72E+02,8.70E-01,-1.25E-03,0.00125,18.7500 
1.72E+02,8.70E-01,-1.25E-03,0.00125,18.7500 
1.72E+02,8.70E-01,-1.25E-03,0.00125,18.7500 
1.72E+02,8.70E-01,-1.25E-03,0.00125,18.7500 
1.72E+02,8.70E-01,-1.25E-03,0.00125,18.7500 
1.73E+02,8.70E-01,-1.25E-03,0.00125,18.7500 
1.73E+02,8.70E-01,-1.25E-03,0.00125,18.7500 
1.73E+02,8.70E-01,-1.25E-03,0.00125,18.7500 
1.73E+02,8.70E-01,-1.25E-03,0.00125,18.7500 
1.73E+02,8.70E-01,-1.25E-03,0.00125,18.7500 
1.73E+02,8.70E-01,-1.25E-03,0.00125,18.7500 
1.73E+02,8.70E-01,-1.25E-03,0.00125,18.7500 
1.73E+02,8.70E-01,-1.25E-03,0.00125,18.7500 
1.73E+02,8.70E-01,-1.24E-03,0.00124,18.6000 
1.73E+02,8.70E-01,-1.24E-03,0.00124,18.6000 
1.74E+02,8.70E-01,-1.24E-03,0.00124,18.6000 
1.74E+02,8.70E-01,-1.25E-03,0.00125,18.7500 
1.74E+02,8.70E-01,-1.25E-03,0.00125,18.7500 
1.74E+02,8.70E-01,-1.25E-03,0.00125,18.7500 
1.74E+02,8.70E-01,-1.25E-03,0.00125,18.7500 
1.74E+02,8.70E-01,-1.25E-03,0.00125,18.7500 
1.74E+02,8.70E-01,-1.25E-03,0.00125,18.7500 
1.74E+02,8.70E-01,-1.25E-03,0.00125,18.7500 
1.74E+02,8.70E-01,-1.25E-03,0.00125,18.7500 
1.74E+02,8.70E-01,-1.25E-03,0.00125,18.7500 
1.75E+02,8.70E-01,-1.25E-03,0.00125,18.7500 
1.75E+02,8.70E-01,-1.25E-03,0.00125,18.7500 
1.75E+02,8.70E-01,-1.25E-03,0.00125,18.7500 
1.75E+02,8.70E-01,-1.25E-03,0.00125,18.7500 
1.75E+02,8.70E-01,-1.25E-03,0.00125,18.7500 
1.75E+02,8.70E-01,-1.24E-03,0.00124,18.6000 
1.75E+02,8.70E-01,-1.24E-03,0.00124,18.6000 
1.75E+02,8.70E-01,-1.25E-03,0.00125,18.7500 
1.75E+02,8.70E-01,-1.25E-03,0.00125,18.7500 
1.75E+02,8.70E-01,-1.25E-03,0.00125,18.7500 
1.76E+02,8.70E-01,-1.25E-03,0.00125,18.7500 
1.76E+02,8.70E-01,-1.25E-03,0.00125,18.7500 
1.76E+02,8.70E-01,-1.25E-03,0.00125,18.7500 
1.76E+02,8.70E-01,-1.25E-03,0.00125,18.7500 
1.76E+02,8.70E-01,-1.25E-03,0.00125,18.7500 
1.76E+02,8.70E-01,-1.25E-03,0.00125,18.7500 
1.76E+02,8.70E-01,-1.25E-03,0.00125,18.7500 
1.76E+02,8.70E-01,-1.25E-03,0.00125,18.7500 
1.76E+02,8.70E-01,-1.25E-03,0.00125,18.7500 
1.76E+02,8.70E-01,-1.25E-03,0.00125,18.7500 
1.77E+02,8.70E-01,-1.25E-03,0.00125,18.7500 
1.77E+02,8.70E-01,-1.25E-03,0.00125,18.7500 
1.77E+02,8.70E-01,-1.25E-03,0.00125,18.7500 
1.77E+02,8.70E-01,-1.25E-03,0.00125,18.7500 
1.77E+02,8.70E-01,-1.25E-03,0.00125,18.7500 
1.77E+02,8.70E-01,-1.25E-03,0.00125,18.7500 
1.77E+02,8.70E-01,-1.25E-03,0.00125,18.7500 
1.77E+02,8.70E-01,-1.25E-03,0.00125,18.7500 
1.77E+02,8.70E-01,-1.25E-03,0.00125,18.7500 
1.77E+02,8.70E-01,-1.25E-03,0.00125,18.7500 
1.78E+02,8.70E-01,-1.25E-03,0.00125,18.7500 
1.78E+02,8.70E-01,-1.25E-03,0.00125,18.7500 
1.78E+02,8.70E-01,-1.25E-03,0.00125,18.7500 
1.78E+02,8.70E-01,-1.25E-03,0.00125,18.7500 
1.78E+02,8.70E-01,-1.25E-03,0.00125,18.7500 
1.78E+02,8.70E-01,-1.25E-03,0.00125,18.7500 
1.78E+02,8.70E-01,-1.25E-03,0.00125,18.7500 
1.78E+02,8.70E-01,-1.25E-03,0.00125,18.7500 
1.78E+02,8.70E-01,-1.25E-03,0.00125,18.7500 
1.78E+02,8.70E-01,-1.25E-03,0.00125,18.7500 
1.79E+02,8.70E-01,-1.25E-03,0.00125,18.7500 
1.79E+02,8.70E-01,-1.25E-03,0.00125,18.7500 
1.79E+02,8.70E-01,-1.25E-03,0.00125,18.7500 
1.79E+02,8.70E-01,-1.25E-03,0.00125,18.7500 
1.79E+02,8.70E-01,-1.25E-03,0.00125,18.7500 
1.79E+02,8.70E-01,-1.25E-03,0.00125,18.7500 
1.79E+02,8.70E-01,-1.25E-03,0.00125,18.7500 
1.79E+02,8.70E-01,-1.25E-03,0.00125,18.7500 
1.79E+02,8.70E-01,-1.25E-03,0.00125,18.7500 
1.79E+02,8.70E-01,-1.25E-03,0.00125,18.7500 
1.80E+02,8.70E-01,-1.25E-03,0.00125,18.7500 
1.80E+02,8.70E-01,-1.25E-03,0.00125,18.7500 
1.80E+02,8.70E-01,-1.25E-03,0.00125,18.7500 
1.80E+02,8.70E-01,-1.25E-03,0.00125,18.7500 
1.80E+02,8.70E-01,-1.25E-03,0.00125,18.7500 
1.80E+02,8.70E-01,-1.25E-03,0.00125,18.7500 
1.80E+02,8.70E-01,-1.25E-03,0.00125,18.7500 
1.80E+02,8.70E-01,-1.25E-03,0.00125,18.7500 
1.80E+02,8.70E-01,-1.25E-03,0.00125,18.7500 
1.80E+02,8.70E-01,-1.25E-03,0.00125,18.7500 
1.81E+02,8.70E-01,-1.25E-03,0.00125,18.7500 
1.81E+02,8.70E-01,-1.25E-03,0.00125,18.7500 
1.81E+02,8.70E-01,-1.25E-03,0.00125,18.7500 
1.81E+02,8.70E-01,-1.25E-03,0.00125,18.7500 
1.81E+02,8.70E-01,-1.25E-03,0.00125,18.7500 
1.81E+02,8.70E-01,-1.25E-03,0.00125,18.7500 
1.81E+02,8.70E-01,-1.25E-03,0.00125,18.7500 
1.81E+02,8.70E-01,-1.25E-03,0.00125,18.7500 
1.81E+02,8.70E-01,-1.25E-03,0.00125,18.7500 
1.81E+02,8.70E-01,-1.25E-03,0.00125,18.7500 
1.82E+02,8.70E-01,-1.25E-03,0.00125,18.7500 
1.82E+02,8.70E-01,-1.25E-03,0.00125,18.7500 
1.82E+02,8.70E-01,-1.25E-03,0.00125,18.7500 
1.82E+02,8.70E-01,-1.25E-03,0.00125,18.7500 
1.82E+02,8.70E-01,-1.25E-03,0.00125,18.7500 
1.82E+02,8.70E-01,-1.25E-03,0.00125,18.7500 
1.82E+02,8.70E-01,-1.25E-03,0.00125,18.7500 
1.82E+02,8.70E-01,-1.25E-03,0.00125,18.7500 
1.82E+02,8.70E-01,-1.25E-03,0.00125,18.7500 
1.82E+02,8.70E-01,-1.25E-03,0.00125,18.7500 
1.83E+02,8.70E-01,-1.25E-03,0.00125,18.7500 
1.83E+02,8.70E-01,-1.25E-03,0.00125,18.7500 
1.83E+02,8.70E-01,-1.25E-03,0.00125,18.7500 
1.83E+02,8.70E-01,-1.25E-03,0.00125,18.7500 
1.83E+02,8.70E-01,-1.25E-03,0.00125,18.7500 
1.83E+02,8.70E-01,-1.25E-03,0.00125,18.7500 
1.83E+02,8.70E-01,-1.25E-03,0.00125,18.7500 
1.83E+02,8.70E-01,-1.25E-03,0.00125,18.7500 
1.83E+02,8.70E-01,-1.25E-03,0.00125,18.7500 
1.83E+02,8.70E-01,-1.25E-03,0.00125,18.7500 
1.84E+02,8.70E-01,-1.25E-03,0.00125,18.7500 
1.84E+02,8.70E-01,-1.25E-03,0.00125,18.7500 
1.84E+02,8.70E-01,-1.25E-03,0.00125,18.7500 
1.84E+02,8.70E-01,-1.25E-03,0.00125,18.7500 
1.84E+02,8.70E-01,-1.25E-03,0.00125,18.7500 
1.84E+02,8.70E-01,-1.25E-03,0.00125,18.7500 
1.84E+02,8.70E-01,-1.25E-03,0.00125,18.7500 
1.84E+02,8.70E-01,-1.25E-03,0.00125,18.7500 
1.84E+02,8.70E-01,-1.25E-03,0.00125,18.7500 
1.84E+02,8.70E-01,-1.25E-03,0.00125,18.7500 
1.85E+02,8.70E-01,-1.25E-03,0.00125,18.7500 
1.85E+02,8.70E-01,-1.25E-03,0.00125,18.7500 
1.85E+02,8.70E-01,-1.25E-03,0.00125,18.7500 
1.85E+02,8.70E-01,-1.25E-03,0.00125,18.7500 
1.85E+02,8.70E-01,-1.25E-03,0.00125,18.7500 
1.85E+02,8.70E-01,-1.25E-03,0.00125,18.7500 
1.85E+02,8.70E-01,-1.25E-03,0.00125,18.7500 
1.85E+02,8.70E-01,-1.25E-03,0.00125,18.7500 
1.85E+02,8.70E-01,-1.25E-03,0.00125,18.7500 
1.85E+02,8.70E-01,-1.25E-03,0.00125,18.7500 
1.86E+02,8.70E-01,-1.25E-03,0.00125,18.7500 
1.86E+02,8.70E-01,-1.25E-03,0.00125,18.7500 
1.86E+02,8.70E-01,-1.25E-03,0.00125,18.7500 
1.86E+02,8.70E-01,-1.25E-03,0.00125,18.7500 
1.86E+02,8.70E-01,-1.25E-03,0.00125,18.7500 
1.86E+02,8.70E-01,-1.25E-03,0.00125,18.7500 
1.86E+02,8.70E-01,-1.25E-03,0.00125,18.7500 
1.86E+02,8.70E-01,-1.25E-03,0.00125,18.7500 
1.86E+02,8.70E-01,-1.25E-03,0.00125,18.7500 
1.86E+02,8.70E-01,-1.25E-03,0.00125,18.7500 
1.87E+02,8.70E-01,-1.25E-03,0.00125,18.7500 
1.87E+02,8.70E-01,-1.25E-03,0.00125,18.7500 
1.87E+02,8.70E-01,-1.25E-03,0.00125,18.7500 
1.87E+02,8.70E-01,-1.25E-03,0.00125,18.7500 
1.87E+02,8.70E-01,-1.25E-03,0.00125,18.7500 
1.87E+02,8.70E-01,-1.25E-03,0.00125,18.7500 
1.87E+02,8.70E-01,-1.25E-03,0.00125,18.7500 
1.87E+02,8.70E-01,-1.25E-03,0.00125,18.7500 
1.87E+02,8.70E-01,-1.25E-03,0.00125,18.7500 
1.87E+02,8.70E-01,-1.25E-03,0.00125,18.7500 
1.88E+02,8.70E-01,-1.25E-03,0.00125,18.7500 
1.88E+02,8.70E-01,-1.25E-03,0.00125,18.7500 
1.88E+02,8.70E-01,-1.25E-03,0.00125,18.7500 
1.88E+02,8.70E-01,-1.25E-03,0.00125,18.7500 
1.88E+02,8.70E-01,-1.25E-03,0.00125,18.7500 
1.88E+02,8.70E-01,-1.25E-03,0.00125,18.7500 
1.88E+02,8.70E-01,-1.25E-03,0.00125,18.7500 
1.88E+02,8.70E-01,-1.25E-03,0.00125,18.7500 
1.88E+02,8.70E-01,-1.25E-03,0.00125,18.7500 
1.88E+02,8.70E-01,-1.25E-03,0.00125,18.7500 
1.89E+02,8.70E-01,-1.25E-03,0.00125,18.7500 
1.89E+02,8.70E-01,-1.25E-03,0.00125,18.7500 
1.89E+02,8.70E-01,-1.25E-03,0.00125,18.7500 
1.89E+02,8.70E-01,-1.25E-03,0.00125,18.7500 
1.89E+02,8.70E-01,-1.25E-03,0.00125,18.7500 
1.89E+02,8.70E-01,-1.25E-03,0.00125,18.7500 
1.89E+02,8.70E-01,-1.25E-03,0.00125,18.7500 
1.89E+02,8.70E-01,-1.25E-03,0.00125,18.7500 
1.89E+02,8.70E-01,-1.25E-03,0.00125,18.7500 
1.89E+02,8.70E-01,-1.25E-03,0.00125,18.7500 
1.90E+02,8.70E-01,-1.25E-03,0.00125,18.7500 
1.90E+02,8.70E-01,-1.25E-03,0.00125,18.7500 
1.90E+02,8.70E-01,-1.25E-03,0.00125,18.7500 
1.90E+02,8.70E-01,-1.25E-03,0.00125,18.7500 
1.90E+02,8.70E-01,-1.25E-03,0.00125,18.7500 
1.90E+02,8.70E-01,-1.25E-03,0.00125,18.7500 
1.90E+02,8.70E-01,-1.25E-03,0.00125,18.7500 
1.90E+02,8.70E-01,-1.25E-03,0.00125,18.7500 
1.90E+02,8.70E-01,-1.25E-03,0.00125,18.7500 
1.90E+02,8.70E-01,-1.25E-03,0.00125,18.7500 
1.91E+02,8.70E-01,-1.25E-03,0.00125,18.7500 
1.91E+02,8.70E-01,-1.25E-03,0.00125,18.7500 
1.91E+02,8.70E-01,-1.25E-03,0.00125,18.7500 
1.91E+02,8.70E-01,-1.25E-03,0.00125,18.7500 
1.91E+02,8.70E-01,-1.25E-03,0.00125,18.7500 
1.91E+02,8.70E-01,-1.25E-03,0.00125,18.7500 
1.91E+02,8.70E-01,-1.25E-03,0.00125,18.7500 
1.91E+02,8.70E-01,-1.25E-03,0.00125,18.7500 
1.91E+02,8.70E-01,-1.25E-03,0.00125,18.7500 
1.91E+02,8.70E-01,-1.25E-03,0.00125,18.7500 
1.92E+02,8.70E-01,-1.25E-03,0.00125,18.7500 
1.92E+02,8.70E-01,-1.25E-03,0.00125,18.7500 
1.92E+02,8.70E-01,-1.25E-03,0.00125,18.7500 
1.92E+02,8.70E-01,-1.25E-03,0.00125,18.7500 
1.92E+02,8.70E-01,-1.25E-03,0.00125,18.7500 
1.92E+02,8.70E-01,-1.25E-03,0.00125,18.7500 
1.92E+02,8.70E-01,-1.25E-03,0.00125,18.7500 
1.92E+02,8.70E-01,-1.25E-03,0.00125,18.7500 
1.92E+02,8.70E-01,-1.25E-03,0.00125,18.7500 
1.92E+02,8.70E-01,-1.25E-03,0.00125,18.7500 
1.93E+02,8.70E-01,-1.25E-03,0.00125,18.7500 
1.93E+02,8.70E-01,-1.25E-03,0.00125,18.7500 
1.93E+02,8.70E-01,-1.25E-03,0.00125,18.7500 
1.93E+02,8.70E-01,-1.25E-03,0.00125,18.7500 
1.93E+02,8.70E-01,-1.25E-03,0.00125,18.7500 
1.93E+02,8.70E-01,-1.25E-03,0.00125,18.7500 
1.93E+02,8.70E-01,-1.25E-03,0.00125,18.7500 
1.93E+02,8.70E-01,-1.25E-03,0.00125,18.7500 
1.93E+02,8.70E-01,-1.25E-03,0.00125,18.7500 
1.93E+02,8.70E-01,-1.25E-03,0.00125,18.7500 
1.94E+02,8.70E-01,-1.25E-03,0.00125,18.7500 
1.94E+02,8.70E-01,-1.25E-03,0.00125,18.7500 
1.94E+02,8.70E-01,-1.25E-03,0.00125,18.7500 
1.94E+02,8.70E-01,-1.25E-03,0.00125,18.7500 
1.94E+02,8.70E-01,-1.25E-03,0.00125,18.7500 
1.94E+02,8.70E-01,-1.25E-03,0.00125,18.7500 
1.94E+02,8.70E-01,-1.25E-03,0.00125,18.7500 
1.94E+02,8.70E-01,-1.25E-03,0.00125,18.7500 
1.94E+02,8.70E-01,-1.25E-03,0.00125,18.7500 
1.94E+02,8.70E-01,-1.25E-03,0.00125,18.7500 
1.95E+02,8.70E-01,-1.25E-03,0.00125,18.7500 
1.95E+02,8.70E-01,-1.25E-03,0.00125,18.7500 
1.95E+02,8.70E-01,-1.25E-03,0.00125,18.7500 
1.95E+02,8.70E-01,-1.25E-03,0.00125,18.7500 
1.95E+02,8.70E-01,-1.25E-03,0.00125,18.7500 
1.95E+02,8.70E-01,-1.25E-03,0.00125,18.7500 
1.95E+02,8.70E-01,-1.25E-03,0.00125,18.7500 
1.95E+02,8.70E-01,-1.25E-03,0.00125,18.7500 
1.95E+02,8.70E-01,-1.25E-03,0.00125,18.7500 
1.95E+02,8.70E-01,-1.25E-03,0.00125,18.7500 
1.96E+02,8.70E-01,-1.25E-03,0.00125,18.7500 
1.96E+02,8.70E-01,-1.25E-03,0.00125,18.7500 
1.96E+02,8.70E-01,-1.25E-03,0.00125,18.7500 
1.96E+02,8.70E-01,-1.25E-03,0.00125,18.7500 
1.96E+02,8.70E-01,-1.25E-03,0.00125,18.7500 
1.96E+02,8.70E-01,-1.25E-03,0.00125,18.7500 
1.96E+02,8.70E-01,-1.25E-03,0.00125,18.7500 
1.96E+02,8.70E-01,-1.25E-03,0.00125,18.7500 
1.96E+02,8.70E-01,-1.25E-03,0.00125,18.7500 
1.96E+02,8.70E-01,-1.25E-03,0.00125,18.7500 
1.97E+02,8.70E-01,-1.25E-03,0.00125,18.7500 
1.97E+02,8.70E-01,-1.25E-03,0.00125,18.7500 
1.97E+02,8.70E-01,-1.25E-03,0.00125,18.7500 
1.97E+02,8.70E-01,-1.25E-03,0.00125,18.7500 
1.97E+02,8.70E-01,-1.25E-03,0.00125,18.7500 
1.97E+02,8.70E-01,-1.25E-03,0.00125,18.7500 
1.97E+02,8.70E-01,-1.25E-03,0.00125,18.7500 
1.97E+02,8.70E-01,-1.25E-03,0.00125,18.7500 
1.97E+02,8.70E-01,-1.25E-03,0.00125,18.7500 
1.97E+02,8.70E-01,-1.25E-03,0.00125,18.7500 
1.98E+02,8.70E-01,-1.25E-03,0.00125,18.7500 
1.98E+02,8.70E-01,-1.25E-03,0.00125,18.7500 
1.98E+02,8.70E-01,-1.25E-03,0.00125,18.7500 
1.98E+02,8.70E-01,-1.25E-03,0.00125,18.7500 
1.98E+02,8.70E-01,-1.25E-03,0.00125,18.7500 
1.98E+02,8.70E-01,-1.25E-03,0.00125,18.7500 
1.98E+02,8.70E-01,-1.25E-03,0.00125,18.7500 
1.98E+02,8.70E-01,-1.25E-03,0.00125,18.7500 
1.98E+02,8.70E-01,-1.25E-03,0.00125,18.7500 
1.98E+02,8.70E-01,-1.25E-03,0.00125,18.7500 
1.99E+02,8.70E-01,-1.25E-03,0.00125,18.7500 
1.99E+02,8.70E-01,-1.25E-03,0.00125,18.7500 
1.99E+02,8.70E-01,-1.25E-03,0.00125,18.7500 
1.99E+02,8.70E-01,-1.25E-03,0.00125,18.7500 
1.99E+02,8.70E-01,-1.25E-03,0.00125,18.7500 
1.99E+02,8.70E-01,-1.25E-03,0.00125,18.7500 
1.99E+02,8.70E-01,-1.25E-03,0.00125,18.7500 
1.99E+02,8.70E-01,-1.25E-03,0.00125,18.7500 
1.99E+02,8.70E-01,-1.25E-03,0.00125,18.7500 
1.99E+02,8.70E-01,-1.25E-03,0.00125,18.7500 
