TIME,V,I,pce
1.94E-03,9.30E-01,1.43E-03,22.92931034
1.02E-01,9.30E-01,1.40E-03,22.44827586
2.02E-01,9.30E-01,1.38E-03,22.12758621
3.02E-01,9.30E-01,1.37E-03,21.96724138
4.02E-01,9.30E-01,1.36E-03,21.80689655
5.02E-01,9.30E-01,1.35E-03,21.64655172
6.02E-01,9.30E-01,1.34E-03,21.4862069
7.02E-01,9.30E-01,1.34E-03,21.4862069
8.02E-01,9.30E-01,1.33E-03,21.32586207
9.02E-01,9.30E-01,1.33E-03,21.32586207
1.00E+00,9.30E-01,1.32E-03,21.16551724
1.10E+00,9.30E-01,1.32E-03,21.16551724
1.20E+00,9.30E-01,1.32E-03,21.16551724
1.30E+00,9.30E-01,1.32E-03,21.16551724
1.40E+00,9.30E-01,1.32E-03,21.16551724
1.50E+00,9.30E-01,1.32E-03,21.16551724
1.60E+00,9.30E-01,1.32E-03,21.16551724
1.70E+00,9.30E-01,1.32E-03,21.16551724
1.80E+00,9.30E-01,1.31E-03,21.00517241
1.90E+00,9.30E-01,1.31E-03,21.00517241
2.00E+00,9.30E-01,1.31E-03,21.00517241
2.10E+00,9.30E-01,1.31E-03,21.00517241
2.20E+00,9.30E-01,1.31E-03,21.00517241
2.30E+00,9.30E-01,1.30E-03,20.84482759
2.40E+00,9.30E-01,1.30E-03,20.84482759
2.50E+00,9.30E-01,1.30E-03,20.84482759
2.60E+00,9.30E-01,1.30E-03,20.84482759
2.70E+00,9.30E-01,1.30E-03,20.84482759
2.80E+00,9.30E-01,1.30E-03,20.84482759
2.90E+00,9.30E-01,1.30E-03,20.84482759
3.00E+00,9.30E-01,1.30E-03,20.84482759
3.10E+00,9.30E-01,1.30E-03,20.84482759
3.20E+00,9.30E-01,1.30E-03,20.84482759
3.30E+00,9.30E-01,1.30E-03,20.84482759
3.40E+00,9.30E-01,1.30E-03,20.84482759
3.50E+00,9.30E-01,1.30E-03,20.84482759
3.60E+00,9.30E-01,1.30E-03,20.84482759
3.70E+00,9.30E-01,1.30E-03,20.84482759
3.80E+00,9.30E-01,1.30E-03,20.84482759
3.90E+00,9.30E-01,1.30E-03,20.84482759
4.00E+00,9.30E-01,1.30E-03,20.84482759
4.10E+00,9.30E-01,1.30E-03,20.84482759
4.20E+00,9.30E-01,1.30E-03,20.84482759
4.30E+00,9.30E-01,1.30E-03,20.84482759
4.40E+00,9.30E-01,1.30E-03,20.84482759
4.50E+00,9.30E-01,1.30E-03,20.84482759
4.60E+00,9.30E-01,1.30E-03,20.84482759
4.70E+00,9.30E-01,1.30E-03,20.84482759
4.80E+00,9.30E-01,1.30E-03,20.84482759
4.90E+00,9.30E-01,1.29E-03,20.68448276
5.00E+00,9.30E-01,1.29E-03,20.68448276
5.10E+00,9.30E-01,1.29E-03,20.68448276
5.20E+00,9.30E-01,1.29E-03,20.68448276
5.30E+00,9.30E-01,1.29E-03,20.68448276
5.40E+00,9.30E-01,1.29E-03,20.68448276
5.50E+00,9.30E-01,1.29E-03,20.68448276
5.60E+00,9.30E-01,1.29E-03,20.68448276
5.70E+00,9.30E-01,1.29E-03,20.68448276
5.80E+00,9.30E-01,1.29E-03,20.68448276
5.90E+00,9.30E-01,1.29E-03,20.68448276
6.00E+00,9.30E-01,1.29E-03,20.68448276
6.10E+00,9.30E-01,1.29E-03,20.68448276
6.20E+00,9.30E-01,1.29E-03,20.68448276
6.30E+00,9.30E-01,1.29E-03,20.68448276
6.40E+00,9.30E-01,1.29E-03,20.68448276
6.50E+00,9.30E-01,1.29E-03,20.68448276
6.60E+00,9.30E-01,1.29E-03,20.68448276
6.70E+00,9.30E-01,1.29E-03,20.68448276
6.80E+00,9.30E-01,1.29E-03,20.68448276
6.90E+00,9.30E-01,1.29E-03,20.68448276
7.00E+00,9.30E-01,1.29E-03,20.68448276
7.10E+00,9.30E-01,1.29E-03,20.68448276
7.20E+00,9.30E-01,1.29E-03,20.68448276
7.30E+00,9.30E-01,1.29E-03,20.68448276
7.40E+00,9.30E-01,1.29E-03,20.68448276
7.50E+00,9.30E-01,1.29E-03,20.68448276
7.60E+00,9.30E-01,1.29E-03,20.68448276
7.70E+00,9.30E-01,1.29E-03,20.68448276
7.80E+00,9.30E-01,1.29E-03,20.68448276
7.90E+00,9.30E-01,1.29E-03,20.68448276
8.00E+00,9.30E-01,1.29E-03,20.68448276
8.10E+00,9.30E-01,1.29E-03,20.68448276
8.20E+00,9.30E-01,1.29E-03,20.68448276
8.30E+00,9.30E-01,1.29E-03,20.68448276
8.40E+00,9.30E-01,1.29E-03,20.68448276
8.50E+00,9.30E-01,1.29E-03,20.68448276
8.60E+00,9.30E-01,1.29E-03,20.68448276
8.70E+00,9.30E-01,1.29E-03,20.68448276
8.80E+00,9.30E-01,1.29E-03,20.68448276
8.90E+00,9.30E-01,1.29E-03,20.68448276
9.00E+00,9.30E-01,1.29E-03,20.68448276
9.10E+00,9.30E-01,1.29E-03,20.68448276
9.20E+00,9.30E-01,1.29E-03,20.68448276
9.30E+00,9.30E-01,1.29E-03,20.68448276
9.40E+00,9.30E-01,1.29E-03,20.68448276
9.50E+00,9.30E-01,1.29E-03,20.68448276
9.60E+00,9.30E-01,1.29E-03,20.68448276
9.70E+00,9.30E-01,1.29E-03,20.68448276
9.80E+00,9.30E-01,1.29E-03,20.68448276
9.90E+00,9.30E-01,1.29E-03,20.68448276
1.00E+01,9.30E-01,1.30E-03,20.84482759
1.01E+01,9.30E-01,1.30E-03,20.84482759
1.02E+01,9.30E-01,1.30E-03,20.84482759
1.03E+01,9.30E-01,1.30E-03,20.84482759
1.04E+01,9.30E-01,1.30E-03,20.84482759
1.05E+01,9.30E-01,1.30E-03,20.84482759
1.06E+01,9.30E-01,1.30E-03,20.84482759
1.07E+01,9.30E-01,1.30E-03,20.84482759
1.08E+01,9.30E-01,1.30E-03,20.84482759
1.09E+01,9.30E-01,1.30E-03,20.84482759
1.10E+01,9.30E-01,1.30E-03,20.84482759
1.11E+01,9.30E-01,1.30E-03,20.84482759
1.12E+01,9.30E-01,1.30E-03,20.84482759
1.13E+01,9.30E-01,1.30E-03,20.84482759
1.14E+01,9.30E-01,1.30E-03,20.84482759
1.15E+01,9.30E-01,1.30E-03,20.84482759
1.16E+01,9.30E-01,1.30E-03,20.84482759
1.17E+01,9.30E-01,1.30E-03,20.84482759
1.18E+01,9.30E-01,1.30E-03,20.84482759
1.19E+01,9.30E-01,1.30E-03,20.84482759
1.20E+01,9.30E-01,1.30E-03,20.84482759
1.21E+01,9.30E-01,1.30E-03,20.84482759
1.22E+01,9.30E-01,1.30E-03,20.84482759
1.23E+01,9.30E-01,1.30E-03,20.84482759
1.24E+01,9.30E-01,1.30E-03,20.84482759
1.25E+01,9.30E-01,1.30E-03,20.84482759
1.26E+01,9.30E-01,1.29E-03,20.68448276
1.27E+01,9.30E-01,1.29E-03,20.68448276
1.28E+01,9.30E-01,1.29E-03,20.68448276
1.29E+01,9.30E-01,1.29E-03,20.68448276
1.30E+01,9.30E-01,1.29E-03,20.68448276
1.31E+01,9.30E-01,1.29E-03,20.68448276
1.32E+01,9.30E-01,1.29E-03,20.68448276
1.33E+01,9.30E-01,1.29E-03,20.68448276
1.34E+01,9.30E-01,1.29E-03,20.68448276
1.35E+01,9.30E-01,1.29E-03,20.68448276
1.36E+01,9.30E-01,1.29E-03,20.68448276
1.37E+01,9.30E-01,1.29E-03,20.68448276
1.38E+01,9.30E-01,1.29E-03,20.68448276
1.39E+01,9.30E-01,1.29E-03,20.68448276
1.40E+01,9.30E-01,1.29E-03,20.68448276
1.41E+01,9.30E-01,1.29E-03,20.68448276
1.42E+01,9.30E-01,1.29E-03,20.68448276
1.43E+01,9.30E-01,1.29E-03,20.68448276
1.44E+01,9.30E-01,1.29E-03,20.68448276
1.45E+01,9.30E-01,1.29E-03,20.68448276
1.46E+01,9.30E-01,1.29E-03,20.68448276
1.47E+01,9.30E-01,1.29E-03,20.68448276
1.48E+01,9.30E-01,1.29E-03,20.68448276
1.49E+01,9.30E-01,1.29E-03,20.68448276
1.50E+01,9.30E-01,1.29E-03,20.68448276
1.51E+01,9.30E-01,1.29E-03,20.68448276
1.52E+01,9.30E-01,1.29E-03,20.68448276
1.53E+01,9.30E-01,1.29E-03,20.68448276
1.54E+01,9.30E-01,1.29E-03,20.68448276
1.55E+01,9.30E-01,1.29E-03,20.68448276
1.56E+01,9.30E-01,1.29E-03,20.68448276
1.57E+01,9.30E-01,1.29E-03,20.68448276
1.58E+01,9.30E-01,1.29E-03,20.68448276
1.59E+01,9.30E-01,1.29E-03,20.68448276
1.60E+01,9.30E-01,1.29E-03,20.68448276
1.61E+01,9.30E-01,1.29E-03,20.68448276
1.62E+01,9.30E-01,1.29E-03,20.68448276
1.63E+01,9.30E-01,1.29E-03,20.68448276
1.64E+01,9.30E-01,1.29E-03,20.68448276
1.65E+01,9.30E-01,1.29E-03,20.68448276
1.66E+01,9.30E-01,1.29E-03,20.68448276
1.67E+01,9.30E-01,1.29E-03,20.68448276
1.68E+01,9.30E-01,1.29E-03,20.68448276
1.69E+01,9.30E-01,1.29E-03,20.68448276
1.70E+01,9.30E-01,1.29E-03,20.68448276
1.71E+01,9.30E-01,1.29E-03,20.68448276
1.72E+01,9.30E-01,1.29E-03,20.68448276
1.73E+01,9.30E-01,1.29E-03,20.68448276
1.74E+01,9.30E-01,1.29E-03,20.68448276
1.75E+01,9.30E-01,1.29E-03,20.68448276
1.76E+01,9.30E-01,1.29E-03,20.68448276
1.77E+01,9.30E-01,1.29E-03,20.68448276
1.78E+01,9.30E-01,1.29E-03,20.68448276
1.79E+01,9.30E-01,1.29E-03,20.68448276
1.80E+01,9.30E-01,1.29E-03,20.68448276
1.81E+01,9.30E-01,1.29E-03,20.68448276
1.82E+01,9.30E-01,1.29E-03,20.68448276
1.83E+01,9.30E-01,1.29E-03,20.68448276
1.84E+01,9.30E-01,1.29E-03,20.68448276
1.85E+01,9.30E-01,1.29E-03,20.68448276
1.86E+01,9.30E-01,1.29E-03,20.68448276
1.87E+01,9.30E-01,1.29E-03,20.68448276
1.88E+01,9.30E-01,1.29E-03,20.68448276
1.89E+01,9.30E-01,1.29E-03,20.68448276
1.90E+01,9.30E-01,1.29E-03,20.68448276
1.91E+01,9.30E-01,1.29E-03,20.68448276
1.92E+01,9.30E-01,1.29E-03,20.68448276
1.93E+01,9.30E-01,1.29E-03,20.68448276
1.94E+01,9.30E-01,1.29E-03,20.68448276
1.95E+01,9.30E-01,1.29E-03,20.68448276
1.96E+01,9.30E-01,1.29E-03,20.68448276
1.97E+01,9.30E-01,1.29E-03,20.68448276
1.98E+01,9.30E-01,1.29E-03,20.68448276
1.99E+01,9.30E-01,1.29E-03,20.68448276
2.00E+01,9.30E-01,1.29E-03,20.68448276
2.01E+01,9.30E-01,1.29E-03,20.68448276
2.02E+01,9.30E-01,1.29E-03,20.68448276
2.03E+01,9.30E-01,1.29E-03,20.68448276
2.04E+01,9.30E-01,1.29E-03,20.68448276
2.05E+01,9.30E-01,1.29E-03,20.68448276
2.06E+01,9.30E-01,1.29E-03,20.68448276
2.07E+01,9.30E-01,1.29E-03,20.68448276
2.08E+01,9.30E-01,1.29E-03,20.68448276
2.09E+01,9.30E-01,1.29E-03,20.68448276
2.10E+01,9.30E-01,1.29E-03,20.68448276
2.11E+01,9.30E-01,1.30E-03,20.84482759
2.12E+01,9.30E-01,1.30E-03,20.84482759
2.13E+01,9.30E-01,1.30E-03,20.84482759
2.14E+01,9.30E-01,1.30E-03,20.84482759
2.15E+01,9.30E-01,1.29E-03,20.68448276
2.16E+01,9.30E-01,1.29E-03,20.68448276
2.17E+01,9.30E-01,1.29E-03,20.68448276
2.18E+01,9.30E-01,1.29E-03,20.68448276
2.19E+01,9.30E-01,1.29E-03,20.68448276
2.20E+01,9.30E-01,1.29E-03,20.68448276
2.21E+01,9.30E-01,1.29E-03,20.68448276
2.22E+01,9.30E-01,1.29E-03,20.68448276
2.23E+01,9.30E-01,1.30E-03,20.84482759
2.24E+01,9.30E-01,1.30E-03,20.84482759
2.25E+01,9.30E-01,1.30E-03,20.84482759
2.26E+01,9.30E-01,1.29E-03,20.68448276
2.27E+01,9.30E-01,1.29E-03,20.68448276
2.28E+01,9.30E-01,1.29E-03,20.68448276
2.29E+01,9.30E-01,1.29E-03,20.68448276
2.30E+01,9.30E-01,1.29E-03,20.68448276
2.31E+01,9.30E-01,1.29E-03,20.68448276
2.32E+01,9.30E-01,1.29E-03,20.68448276
2.33E+01,9.30E-01,1.29E-03,20.68448276
2.34E+01,9.30E-01,1.29E-03,20.68448276
2.35E+01,9.30E-01,1.29E-03,20.68448276
2.36E+01,9.30E-01,1.29E-03,20.68448276
2.37E+01,9.30E-01,1.29E-03,20.68448276
2.38E+01,9.30E-01,1.29E-03,20.68448276
2.39E+01,9.30E-01,1.29E-03,20.68448276
2.40E+01,9.30E-01,1.29E-03,20.68448276
2.41E+01,9.30E-01,1.29E-03,20.68448276
2.42E+01,9.30E-01,1.30E-03,20.84482759
2.43E+01,9.30E-01,1.30E-03,20.84482759
2.44E+01,9.30E-01,1.30E-03,20.84482759
2.45E+01,9.30E-01,1.30E-03,20.84482759
2.46E+01,9.30E-01,1.30E-03,20.84482759
2.47E+01,9.30E-01,1.30E-03,20.84482759
2.48E+01,9.30E-01,1.30E-03,20.84482759
2.49E+01,9.30E-01,1.30E-03,20.84482759
2.50E+01,9.30E-01,1.30E-03,20.84482759
2.51E+01,9.30E-01,1.30E-03,20.84482759
2.52E+01,9.30E-01,1.30E-03,20.84482759
2.53E+01,9.30E-01,1.30E-03,20.84482759
2.54E+01,9.30E-01,1.30E-03,20.84482759
2.55E+01,9.30E-01,1.30E-03,20.84482759
2.56E+01,9.30E-01,1.30E-03,20.84482759
2.57E+01,9.30E-01,1.30E-03,20.84482759
2.58E+01,9.30E-01,1.30E-03,20.84482759
2.59E+01,9.30E-01,1.30E-03,20.84482759
2.60E+01,9.30E-01,1.30E-03,20.84482759
2.61E+01,9.30E-01,1.30E-03,20.84482759
2.62E+01,9.30E-01,1.30E-03,20.84482759
2.63E+01,9.30E-01,1.30E-03,20.84482759
2.64E+01,9.30E-01,1.30E-03,20.84482759
2.65E+01,9.30E-01,1.30E-03,20.84482759
2.66E+01,9.30E-01,1.30E-03,20.84482759
2.67E+01,9.30E-01,1.30E-03,20.84482759
2.68E+01,9.30E-01,1.30E-03,20.84482759
2.69E+01,9.30E-01,1.30E-03,20.84482759
2.70E+01,9.30E-01,1.30E-03,20.84482759
2.71E+01,9.30E-01,1.30E-03,20.84482759
2.72E+01,9.30E-01,1.30E-03,20.84482759
2.73E+01,9.30E-01,1.30E-03,20.84482759
2.74E+01,9.30E-01,1.30E-03,20.84482759
2.75E+01,9.30E-01,1.30E-03,20.84482759
2.76E+01,9.30E-01,1.30E-03,20.84482759
2.77E+01,9.30E-01,1.30E-03,20.84482759
2.78E+01,9.30E-01,1.30E-03,20.84482759
2.79E+01,9.30E-01,1.30E-03,20.84482759
2.80E+01,9.30E-01,1.30E-03,20.84482759
2.81E+01,9.30E-01,1.30E-03,20.84482759
2.82E+01,9.30E-01,1.30E-03,20.84482759
2.83E+01,9.30E-01,1.30E-03,20.84482759
2.84E+01,9.30E-01,1.30E-03,20.84482759
2.85E+01,9.30E-01,1.30E-03,20.84482759
2.86E+01,9.30E-01,1.30E-03,20.84482759
2.87E+01,9.30E-01,1.30E-03,20.84482759
2.88E+01,9.30E-01,1.30E-03,20.84482759
2.89E+01,9.30E-01,1.30E-03,20.84482759
2.90E+01,9.30E-01,1.30E-03,20.84482759
2.91E+01,9.30E-01,1.30E-03,20.84482759
2.92E+01,9.30E-01,1.30E-03,20.84482759
2.93E+01,9.30E-01,1.30E-03,20.84482759
2.94E+01,9.30E-01,1.30E-03,20.84482759
2.95E+01,9.30E-01,1.30E-03,20.84482759
2.96E+01,9.30E-01,1.30E-03,20.84482759
2.97E+01,9.30E-01,1.30E-03,20.84482759
2.98E+01,9.30E-01,1.30E-03,20.84482759
2.99E+01,9.30E-01,1.30E-03,20.84482759
3.00E+01,9.30E-01,1.30E-03,20.84482759
3.01E+01,9.30E-01,1.30E-03,20.84482759
3.02E+01,9.30E-01,1.30E-03,20.84482759
3.03E+01,9.30E-01,1.30E-03,20.84482759
3.04E+01,9.30E-01,1.30E-03,20.84482759
3.05E+01,9.30E-01,1.30E-03,20.84482759
3.06E+01,9.30E-01,1.30E-03,20.84482759
3.07E+01,9.30E-01,1.30E-03,20.84482759
3.08E+01,9.30E-01,1.30E-03,20.84482759
3.09E+01,9.30E-01,1.30E-03,20.84482759
3.10E+01,9.30E-01,1.30E-03,20.84482759
3.11E+01,9.30E-01,1.30E-03,20.84482759
3.12E+01,9.30E-01,1.30E-03,20.84482759
3.13E+01,9.30E-01,1.30E-03,20.84482759
3.14E+01,9.30E-01,1.30E-03,20.84482759
3.15E+01,9.30E-01,1.30E-03,20.84482759
3.16E+01,9.30E-01,1.30E-03,20.84482759
3.17E+01,9.30E-01,1.30E-03,20.84482759
3.18E+01,9.30E-01,1.30E-03,20.84482759
3.19E+01,9.30E-01,1.30E-03,20.84482759
3.20E+01,9.30E-01,1.30E-03,20.84482759
3.21E+01,9.30E-01,1.30E-03,20.84482759
3.22E+01,9.30E-01,1.30E-03,20.84482759
3.23E+01,9.30E-01,1.30E-03,20.84482759
3.24E+01,9.30E-01,1.30E-03,20.84482759
3.25E+01,9.30E-01,1.30E-03,20.84482759
3.26E+01,9.30E-01,1.30E-03,20.84482759
3.27E+01,9.30E-01,1.30E-03,20.84482759
3.28E+01,9.30E-01,1.30E-03,20.84482759
3.29E+01,9.30E-01,1.30E-03,20.84482759
3.30E+01,9.30E-01,1.30E-03,20.84482759
3.31E+01,9.30E-01,1.30E-03,20.84482759
3.32E+01,9.30E-01,1.30E-03,20.84482759
3.33E+01,9.30E-01,1.30E-03,20.84482759
3.34E+01,9.30E-01,1.30E-03,20.84482759
3.35E+01,9.30E-01,1.30E-03,20.84482759
3.36E+01,9.30E-01,1.30E-03,20.84482759
3.37E+01,9.30E-01,1.30E-03,20.84482759
3.38E+01,9.30E-01,1.30E-03,20.84482759
3.39E+01,9.30E-01,1.30E-03,20.84482759
3.40E+01,9.30E-01,1.30E-03,20.84482759
3.41E+01,9.30E-01,1.30E-03,20.84482759
3.42E+01,9.30E-01,1.30E-03,20.84482759
3.43E+01,9.30E-01,1.30E-03,20.84482759
3.44E+01,9.30E-01,1.30E-03,20.84482759
3.45E+01,9.30E-01,1.30E-03,20.84482759
3.46E+01,9.30E-01,1.30E-03,20.84482759
3.47E+01,9.30E-01,1.30E-03,20.84482759
3.48E+01,9.30E-01,1.29E-03,20.68448276
3.49E+01,9.30E-01,1.29E-03,20.68448276
3.50E+01,9.30E-01,1.29E-03,20.68448276
3.51E+01,9.30E-01,1.29E-03,20.68448276
3.52E+01,9.30E-01,1.29E-03,20.68448276
3.53E+01,9.30E-01,1.29E-03,20.68448276
3.54E+01,9.30E-01,1.29E-03,20.68448276
3.55E+01,9.30E-01,1.29E-03,20.68448276
3.56E+01,9.30E-01,1.29E-03,20.68448276
3.57E+01,9.30E-01,1.29E-03,20.68448276
3.58E+01,9.30E-01,1.29E-03,20.68448276
3.59E+01,9.30E-01,1.29E-03,20.68448276
3.60E+01,9.30E-01,1.29E-03,20.68448276
3.61E+01,9.30E-01,1.29E-03,20.68448276
3.62E+01,9.30E-01,1.29E-03,20.68448276
3.63E+01,9.30E-01,1.29E-03,20.68448276
3.64E+01,9.30E-01,1.29E-03,20.68448276
3.65E+01,9.30E-01,1.29E-03,20.68448276
3.66E+01,9.30E-01,1.29E-03,20.68448276
3.67E+01,9.30E-01,1.29E-03,20.68448276
3.68E+01,9.30E-01,1.29E-03,20.68448276
3.69E+01,9.30E-01,1.29E-03,20.68448276
3.70E+01,9.30E-01,1.29E-03,20.68448276
3.71E+01,9.30E-01,1.29E-03,20.68448276
3.72E+01,9.30E-01,1.29E-03,20.68448276
3.73E+01,9.30E-01,1.29E-03,20.68448276
3.74E+01,9.30E-01,1.29E-03,20.68448276
3.75E+01,9.30E-01,1.29E-03,20.68448276
3.76E+01,9.30E-01,1.29E-03,20.68448276
3.77E+01,9.30E-01,1.29E-03,20.68448276
3.78E+01,9.30E-01,1.29E-03,20.68448276
3.79E+01,9.30E-01,1.29E-03,20.68448276
3.80E+01,9.30E-01,1.29E-03,20.68448276
3.81E+01,9.30E-01,1.29E-03,20.68448276
3.82E+01,9.30E-01,1.29E-03,20.68448276
3.83E+01,9.30E-01,1.29E-03,20.68448276
3.84E+01,9.30E-01,1.29E-03,20.68448276
3.85E+01,9.30E-01,1.29E-03,20.68448276
3.86E+01,9.30E-01,1.29E-03,20.68448276
3.87E+01,9.30E-01,1.29E-03,20.68448276
3.88E+01,9.30E-01,1.29E-03,20.68448276
3.89E+01,9.30E-01,1.29E-03,20.68448276
3.90E+01,9.30E-01,1.29E-03,20.68448276
3.91E+01,9.30E-01,1.29E-03,20.68448276
3.92E+01,9.30E-01,1.29E-03,20.68448276
3.93E+01,9.30E-01,1.30E-03,20.84482759
3.94E+01,9.30E-01,1.29E-03,20.68448276
3.95E+01,9.30E-01,1.29E-03,20.68448276
3.96E+01,9.30E-01,1.29E-03,20.68448276
3.97E+01,9.30E-01,1.30E-03,20.84482759
3.98E+01,9.30E-01,1.29E-03,20.68448276
3.99E+01,9.30E-01,1.30E-03,20.84482759
4.00E+01,9.30E-01,1.29E-03,20.68448276
4.01E+01,9.30E-01,1.29E-03,20.68448276
4.02E+01,9.30E-01,1.29E-03,20.68448276
4.03E+01,9.30E-01,1.29E-03,20.68448276
4.04E+01,9.30E-01,1.29E-03,20.68448276
4.05E+01,9.30E-01,1.29E-03,20.68448276
4.06E+01,9.30E-01,1.29E-03,20.68448276
4.07E+01,9.30E-01,1.29E-03,20.68448276
4.08E+01,9.30E-01,1.30E-03,20.84482759
4.09E+01,9.30E-01,1.30E-03,20.84482759
4.10E+01,9.30E-01,1.30E-03,20.84482759
4.11E+01,9.30E-01,1.30E-03,20.84482759
4.12E+01,9.30E-01,1.30E-03,20.84482759
4.13E+01,9.30E-01,1.30E-03,20.84482759
4.14E+01,9.30E-01,1.30E-03,20.84482759
4.15E+01,9.30E-01,1.30E-03,20.84482759
4.16E+01,9.30E-01,1.30E-03,20.84482759
4.17E+01,9.30E-01,1.30E-03,20.84482759
4.18E+01,9.30E-01,1.30E-03,20.84482759
4.19E+01,9.30E-01,1.30E-03,20.84482759
4.20E+01,9.30E-01,1.29E-03,20.68448276
4.21E+01,9.30E-01,1.29E-03,20.68448276
4.22E+01,9.30E-01,1.29E-03,20.68448276
4.23E+01,9.30E-01,1.29E-03,20.68448276
4.24E+01,9.30E-01,1.29E-03,20.68448276
4.25E+01,9.30E-01,1.29E-03,20.68448276
4.26E+01,9.30E-01,1.29E-03,20.68448276
4.27E+01,9.30E-01,1.29E-03,20.68448276
4.28E+01,9.30E-01,1.29E-03,20.68448276
4.29E+01,9.30E-01,1.29E-03,20.68448276
4.30E+01,9.30E-01,1.29E-03,20.68448276
4.31E+01,9.30E-01,1.29E-03,20.68448276
4.32E+01,9.30E-01,1.29E-03,20.68448276
4.33E+01,9.30E-01,1.29E-03,20.68448276
4.34E+01,9.30E-01,1.29E-03,20.68448276
4.35E+01,9.30E-01,1.29E-03,20.68448276
4.36E+01,9.30E-01,1.30E-03,20.84482759
4.37E+01,9.30E-01,1.30E-03,20.84482759
4.38E+01,9.30E-01,1.29E-03,20.68448276
4.39E+01,9.30E-01,1.29E-03,20.68448276
4.40E+01,9.30E-01,1.29E-03,20.68448276
4.41E+01,9.30E-01,1.29E-03,20.68448276
4.42E+01,9.30E-01,1.29E-03,20.68448276
4.43E+01,9.30E-01,1.29E-03,20.68448276
4.44E+01,9.30E-01,1.29E-03,20.68448276
4.45E+01,9.30E-01,1.29E-03,20.68448276
4.46E+01,9.30E-01,1.29E-03,20.68448276
4.47E+01,9.30E-01,1.29E-03,20.68448276
4.48E+01,9.30E-01,1.29E-03,20.68448276
4.49E+01,9.30E-01,1.29E-03,20.68448276
4.50E+01,9.30E-01,1.29E-03,20.68448276
4.51E+01,9.30E-01,1.29E-03,20.68448276
4.52E+01,9.30E-01,1.29E-03,20.68448276
4.53E+01,9.30E-01,1.29E-03,20.68448276
4.54E+01,9.30E-01,1.29E-03,20.68448276
4.55E+01,9.30E-01,1.29E-03,20.68448276
4.56E+01,9.30E-01,1.30E-03,20.84482759
4.57E+01,9.30E-01,1.30E-03,20.84482759
4.58E+01,9.30E-01,1.30E-03,20.84482759
4.59E+01,9.30E-01,1.30E-03,20.84482759
4.60E+01,9.30E-01,1.30E-03,20.84482759
4.61E+01,9.30E-01,1.30E-03,20.84482759
4.62E+01,9.30E-01,1.30E-03,20.84482759
4.63E+01,9.30E-01,1.30E-03,20.84482759
4.64E+01,9.30E-01,1.30E-03,20.84482759
4.65E+01,9.30E-01,1.30E-03,20.84482759
4.66E+01,9.30E-01,1.30E-03,20.84482759
4.67E+01,9.30E-01,1.30E-03,20.84482759
4.68E+01,9.30E-01,1.30E-03,20.84482759
4.69E+01,9.30E-01,1.30E-03,20.84482759
4.70E+01,9.30E-01,1.30E-03,20.84482759
4.71E+01,9.30E-01,1.30E-03,20.84482759
4.72E+01,9.30E-01,1.30E-03,20.84482759
4.73E+01,9.30E-01,1.30E-03,20.84482759
4.74E+01,9.30E-01,1.30E-03,20.84482759
4.75E+01,9.30E-01,1.30E-03,20.84482759
4.76E+01,9.30E-01,1.30E-03,20.84482759
4.77E+01,9.30E-01,1.30E-03,20.84482759
4.78E+01,9.30E-01,1.30E-03,20.84482759
4.79E+01,9.30E-01,1.30E-03,20.84482759
4.80E+01,9.30E-01,1.30E-03,20.84482759
4.81E+01,9.30E-01,1.30E-03,20.84482759
4.82E+01,9.30E-01,1.30E-03,20.84482759
4.83E+01,9.30E-01,1.30E-03,20.84482759
4.84E+01,9.30E-01,1.30E-03,20.84482759
4.85E+01,9.30E-01,1.30E-03,20.84482759
4.86E+01,9.30E-01,1.30E-03,20.84482759
4.87E+01,9.30E-01,1.30E-03,20.84482759
4.88E+01,9.30E-01,1.30E-03,20.84482759
4.89E+01,9.30E-01,1.30E-03,20.84482759
4.90E+01,9.30E-01,1.30E-03,20.84482759
4.91E+01,9.30E-01,1.30E-03,20.84482759
4.92E+01,9.30E-01,1.30E-03,20.84482759
4.93E+01,9.30E-01,1.30E-03,20.84482759
4.94E+01,9.30E-01,1.30E-03,20.84482759
4.95E+01,9.30E-01,1.29E-03,20.68448276
4.96E+01,9.30E-01,1.29E-03,20.68448276
4.97E+01,9.30E-01,1.29E-03,20.68448276
4.98E+01,9.30E-01,1.29E-03,20.68448276
4.99E+01,9.30E-01,1.29E-03,20.68448276
5.00E+01,9.30E-01,1.29E-03,20.68448276
5.01E+01,9.30E-01,1.29E-03,20.68448276
5.02E+01,9.30E-01,1.29E-03,20.68448276
5.03E+01,9.30E-01,1.29E-03,20.68448276
5.04E+01,9.30E-01,1.29E-03,20.68448276
5.05E+01,9.30E-01,1.29E-03,20.68448276
5.06E+01,9.30E-01,1.29E-03,20.68448276
5.07E+01,9.30E-01,1.29E-03,20.68448276
5.08E+01,9.30E-01,1.29E-03,20.68448276
5.09E+01,9.30E-01,1.29E-03,20.68448276
5.10E+01,9.30E-01,1.29E-03,20.68448276
5.11E+01,9.30E-01,1.29E-03,20.68448276
5.12E+01,9.30E-01,1.29E-03,20.68448276
5.13E+01,9.30E-01,1.29E-03,20.68448276
5.14E+01,9.30E-01,1.29E-03,20.68448276
5.15E+01,9.30E-01,1.29E-03,20.68448276
5.16E+01,9.30E-01,1.29E-03,20.68448276
5.17E+01,9.30E-01,1.30E-03,20.84482759
5.18E+01,9.30E-01,1.30E-03,20.84482759
5.19E+01,9.30E-01,1.30E-03,20.84482759
5.20E+01,9.30E-01,1.30E-03,20.84482759
5.21E+01,9.30E-01,1.30E-03,20.84482759
5.22E+01,9.30E-01,1.30E-03,20.84482759
5.23E+01,9.30E-01,1.30E-03,20.84482759
5.24E+01,9.30E-01,1.30E-03,20.84482759
5.25E+01,9.30E-01,1.30E-03,20.84482759
5.26E+01,9.30E-01,1.30E-03,20.84482759
5.27E+01,9.30E-01,1.29E-03,20.68448276
5.28E+01,9.30E-01,1.29E-03,20.68448276
5.29E+01,9.30E-01,1.29E-03,20.68448276
5.30E+01,9.30E-01,1.30E-03,20.84482759
5.31E+01,9.30E-01,1.30E-03,20.84482759
5.32E+01,9.30E-01,1.30E-03,20.84482759
5.33E+01,9.30E-01,1.30E-03,20.84482759
5.34E+01,9.30E-01,1.30E-03,20.84482759
5.35E+01,9.30E-01,1.30E-03,20.84482759
5.36E+01,9.30E-01,1.30E-03,20.84482759
5.37E+01,9.30E-01,1.30E-03,20.84482759
5.38E+01,9.30E-01,1.30E-03,20.84482759
5.39E+01,9.30E-01,1.30E-03,20.84482759
5.40E+01,9.30E-01,1.30E-03,20.84482759
5.41E+01,9.30E-01,1.30E-03,20.84482759
5.42E+01,9.30E-01,1.30E-03,20.84482759
5.43E+01,9.30E-01,1.30E-03,20.84482759
5.44E+01,9.30E-01,1.30E-03,20.84482759
5.45E+01,9.30E-01,1.30E-03,20.84482759
5.46E+01,9.30E-01,1.30E-03,20.84482759
5.47E+01,9.30E-01,1.30E-03,20.84482759
5.48E+01,9.30E-01,1.30E-03,20.84482759
5.49E+01,9.30E-01,1.30E-03,20.84482759
5.50E+01,9.30E-01,1.30E-03,20.84482759
5.51E+01,9.30E-01,1.30E-03,20.84482759
5.52E+01,9.30E-01,1.30E-03,20.84482759
5.53E+01,9.30E-01,1.30E-03,20.84482759
5.54E+01,9.30E-01,1.30E-03,20.84482759
5.55E+01,9.30E-01,1.30E-03,20.84482759
5.56E+01,9.30E-01,1.30E-03,20.84482759
5.57E+01,9.30E-01,1.30E-03,20.84482759
5.58E+01,9.30E-01,1.30E-03,20.84482759
5.59E+01,9.30E-01,1.30E-03,20.84482759
5.60E+01,9.30E-01,1.30E-03,20.84482759
5.61E+01,9.30E-01,1.30E-03,20.84482759
5.62E+01,9.30E-01,1.30E-03,20.84482759
5.63E+01,9.30E-01,1.30E-03,20.84482759
5.64E+01,9.30E-01,1.30E-03,20.84482759
5.65E+01,9.30E-01,1.30E-03,20.84482759
5.66E+01,9.30E-01,1.30E-03,20.84482759
5.67E+01,9.30E-01,1.30E-03,20.84482759
5.68E+01,9.30E-01,1.30E-03,20.84482759
5.69E+01,9.30E-01,1.30E-03,20.84482759
5.70E+01,9.30E-01,1.30E-03,20.84482759
5.71E+01,9.30E-01,1.30E-03,20.84482759
5.72E+01,9.30E-01,1.30E-03,20.84482759
5.73E+01,9.30E-01,1.30E-03,20.84482759
5.74E+01,9.30E-01,1.30E-03,20.84482759
5.75E+01,9.30E-01,1.30E-03,20.84482759
5.76E+01,9.30E-01,1.29E-03,20.68448276
5.77E+01,9.30E-01,1.29E-03,20.68448276
5.78E+01,9.30E-01,1.29E-03,20.68448276
5.79E+01,9.30E-01,1.29E-03,20.68448276
5.80E+01,9.30E-01,1.29E-03,20.68448276
5.81E+01,9.30E-01,1.29E-03,20.68448276
5.82E+01,9.30E-01,1.29E-03,20.68448276
5.83E+01,9.30E-01,1.29E-03,20.68448276
5.84E+01,9.30E-01,1.29E-03,20.68448276
5.85E+01,9.30E-01,1.29E-03,20.68448276
5.86E+01,9.30E-01,1.29E-03,20.68448276
5.87E+01,9.30E-01,1.29E-03,20.68448276
5.88E+01,9.30E-01,1.29E-03,20.68448276
5.89E+01,9.30E-01,1.29E-03,20.68448276
5.90E+01,9.30E-01,1.29E-03,20.68448276
5.91E+01,9.30E-01,1.29E-03,20.68448276
5.92E+01,9.30E-01,1.29E-03,20.68448276
5.93E+01,9.30E-01,1.29E-03,20.68448276
5.94E+01,9.30E-01,1.29E-03,20.68448276
5.95E+01,9.30E-01,1.29E-03,20.68448276
5.96E+01,9.30E-01,1.29E-03,20.68448276
5.97E+01,9.30E-01,1.29E-03,20.68448276
5.98E+01,9.30E-01,1.29E-03,20.68448276
5.99E+01,9.30E-01,1.29E-03,20.68448276
6.00E+01,9.30E-01,1.29E-03,20.68448276
6.01E+01,9.30E-01,1.29E-03,20.68448276
6.02E+01,9.30E-01,1.29E-03,20.68448276
6.03E+01,9.30E-01,1.29E-03,20.68448276
6.04E+01,9.30E-01,1.29E-03,20.68448276
6.05E+01,9.30E-01,1.29E-03,20.68448276
6.06E+01,9.30E-01,1.29E-03,20.68448276
6.07E+01,9.30E-01,1.29E-03,20.68448276
6.08E+01,9.30E-01,1.29E-03,20.68448276
6.09E+01,9.30E-01,1.29E-03,20.68448276
6.10E+01,9.30E-01,1.29E-03,20.68448276
6.11E+01,9.30E-01,1.29E-03,20.68448276
6.12E+01,9.30E-01,1.29E-03,20.68448276
6.13E+01,9.30E-01,1.29E-03,20.68448276
6.14E+01,9.30E-01,1.29E-03,20.68448276
6.15E+01,9.30E-01,1.29E-03,20.68448276
6.16E+01,9.30E-01,1.29E-03,20.68448276
6.17E+01,9.30E-01,1.29E-03,20.68448276
6.18E+01,9.30E-01,1.29E-03,20.68448276
6.19E+01,9.30E-01,1.29E-03,20.68448276
6.20E+01,9.30E-01,1.29E-03,20.68448276
6.21E+01,9.30E-01,1.29E-03,20.68448276
6.22E+01,9.30E-01,1.29E-03,20.68448276
6.23E+01,9.30E-01,1.29E-03,20.68448276
6.24E+01,9.30E-01,1.29E-03,20.68448276
6.25E+01,9.30E-01,1.29E-03,20.68448276
6.26E+01,9.30E-01,1.29E-03,20.68448276
6.27E+01,9.30E-01,1.29E-03,20.68448276
6.28E+01,9.30E-01,1.29E-03,20.68448276
6.29E+01,9.30E-01,1.29E-03,20.68448276
6.30E+01,9.30E-01,1.29E-03,20.68448276
6.31E+01,9.30E-01,1.29E-03,20.68448276
6.32E+01,9.30E-01,1.29E-03,20.68448276
6.33E+01,9.30E-01,1.29E-03,20.68448276
6.34E+01,9.30E-01,1.29E-03,20.68448276
6.35E+01,9.30E-01,1.29E-03,20.68448276
6.36E+01,9.30E-01,1.29E-03,20.68448276
6.37E+01,9.30E-01,1.29E-03,20.68448276
6.38E+01,9.30E-01,1.29E-03,20.68448276
6.39E+01,9.30E-01,1.29E-03,20.68448276
6.40E+01,9.30E-01,1.29E-03,20.68448276
6.41E+01,9.30E-01,1.29E-03,20.68448276
6.42E+01,9.30E-01,1.29E-03,20.68448276
6.43E+01,9.30E-01,1.29E-03,20.68448276
6.44E+01,9.30E-01,1.29E-03,20.68448276
6.45E+01,9.30E-01,1.29E-03,20.68448276
6.46E+01,9.30E-01,1.29E-03,20.68448276
6.47E+01,9.30E-01,1.29E-03,20.68448276
6.48E+01,9.30E-01,1.29E-03,20.68448276
6.49E+01,9.30E-01,1.29E-03,20.68448276
6.50E+01,9.30E-01,1.28E-03,20.52413793
6.51E+01,9.30E-01,1.28E-03,20.52413793
6.52E+01,9.30E-01,1.28E-03,20.52413793
6.53E+01,9.30E-01,1.28E-03,20.52413793
6.54E+01,9.30E-01,1.28E-03,20.52413793
6.55E+01,9.30E-01,1.28E-03,20.52413793
6.56E+01,9.30E-01,1.28E-03,20.52413793
6.57E+01,9.30E-01,1.28E-03,20.52413793
6.58E+01,9.30E-01,1.28E-03,20.52413793
6.59E+01,9.30E-01,1.28E-03,20.52413793
6.60E+01,9.30E-01,1.28E-03,20.52413793
6.61E+01,9.30E-01,1.28E-03,20.52413793
6.62E+01,9.30E-01,1.28E-03,20.52413793
6.63E+01,9.30E-01,1.28E-03,20.52413793
6.64E+01,9.30E-01,1.28E-03,20.52413793
6.65E+01,9.30E-01,1.28E-03,20.52413793
6.66E+01,9.30E-01,1.29E-03,20.68448276
6.67E+01,9.30E-01,1.29E-03,20.68448276
6.68E+01,9.30E-01,1.29E-03,20.68448276
6.69E+01,9.30E-01,1.29E-03,20.68448276
6.70E+01,9.30E-01,1.29E-03,20.68448276
6.71E+01,9.30E-01,1.29E-03,20.68448276
6.72E+01,9.30E-01,1.28E-03,20.52413793
6.73E+01,9.30E-01,1.29E-03,20.68448276
6.74E+01,9.30E-01,1.29E-03,20.68448276
6.75E+01,9.30E-01,1.29E-03,20.68448276
6.76E+01,9.30E-01,1.29E-03,20.68448276
6.77E+01,9.30E-01,1.29E-03,20.68448276
6.78E+01,9.30E-01,1.29E-03,20.68448276
6.79E+01,9.30E-01,1.29E-03,20.68448276
6.80E+01,9.30E-01,1.29E-03,20.68448276
6.81E+01,9.30E-01,1.29E-03,20.68448276
6.82E+01,9.30E-01,1.29E-03,20.68448276
6.83E+01,9.30E-01,1.29E-03,20.68448276
6.84E+01,9.30E-01,1.29E-03,20.68448276
6.85E+01,9.30E-01,1.29E-03,20.68448276
6.86E+01,9.30E-01,1.29E-03,20.68448276
6.87E+01,9.30E-01,1.29E-03,20.68448276
6.88E+01,9.30E-01,1.29E-03,20.68448276
6.89E+01,9.30E-01,1.29E-03,20.68448276
6.90E+01,9.30E-01,1.28E-03,20.52413793
6.91E+01,9.30E-01,1.28E-03,20.52413793
6.92E+01,9.30E-01,1.28E-03,20.52413793
6.93E+01,9.30E-01,1.28E-03,20.52413793
6.94E+01,9.30E-01,1.28E-03,20.52413793
6.95E+01,9.30E-01,1.28E-03,20.52413793
6.96E+01,9.30E-01,1.28E-03,20.52413793
6.97E+01,9.30E-01,1.28E-03,20.52413793
6.98E+01,9.30E-01,1.29E-03,20.68448276
6.99E+01,9.30E-01,1.29E-03,20.68448276
7.00E+01,9.30E-01,1.29E-03,20.68448276
7.01E+01,9.30E-01,1.29E-03,20.68448276
7.02E+01,9.30E-01,1.29E-03,20.68448276
7.03E+01,9.30E-01,1.29E-03,20.68448276
7.04E+01,9.30E-01,1.29E-03,20.68448276
7.05E+01,9.30E-01,1.29E-03,20.68448276
7.06E+01,9.30E-01,1.29E-03,20.68448276
7.07E+01,9.30E-01,1.29E-03,20.68448276
7.08E+01,9.30E-01,1.29E-03,20.68448276
7.09E+01,9.30E-01,1.29E-03,20.68448276
7.10E+01,9.30E-01,1.29E-03,20.68448276
7.11E+01,9.30E-01,1.29E-03,20.68448276
7.12E+01,9.30E-01,1.29E-03,20.68448276
7.13E+01,9.30E-01,1.29E-03,20.68448276
7.14E+01,9.30E-01,1.29E-03,20.68448276
7.15E+01,9.30E-01,1.29E-03,20.68448276
7.16E+01,9.30E-01,1.29E-03,20.68448276
7.17E+01,9.30E-01,1.29E-03,20.68448276
7.18E+01,9.30E-01,1.29E-03,20.68448276
7.19E+01,9.30E-01,1.29E-03,20.68448276
7.20E+01,9.30E-01,1.29E-03,20.68448276
7.21E+01,9.30E-01,1.29E-03,20.68448276
7.22E+01,9.30E-01,1.29E-03,20.68448276
7.23E+01,9.30E-01,1.29E-03,20.68448276
7.24E+01,9.30E-01,1.29E-03,20.68448276
7.25E+01,9.30E-01,1.29E-03,20.68448276
7.26E+01,9.30E-01,1.29E-03,20.68448276
7.27E+01,9.30E-01,1.29E-03,20.68448276
7.28E+01,9.30E-01,1.29E-03,20.68448276
7.29E+01,9.30E-01,1.29E-03,20.68448276
7.30E+01,9.30E-01,1.30E-03,20.84482759
7.31E+01,9.30E-01,1.30E-03,20.84482759
7.32E+01,9.30E-01,1.30E-03,20.84482759
7.33E+01,9.30E-01,1.30E-03,20.84482759
7.34E+01,9.30E-01,1.29E-03,20.68448276
7.35E+01,9.30E-01,1.29E-03,20.68448276
7.36E+01,9.30E-01,1.29E-03,20.68448276
7.37E+01,9.30E-01,1.29E-03,20.68448276
7.38E+01,9.30E-01,1.29E-03,20.68448276
7.39E+01,9.30E-01,1.29E-03,20.68448276
7.40E+01,9.30E-01,1.29E-03,20.68448276
7.41E+01,9.30E-01,1.29E-03,20.68448276
7.42E+01,9.30E-01,1.29E-03,20.68448276
7.43E+01,9.30E-01,1.29E-03,20.68448276
7.44E+01,9.30E-01,1.29E-03,20.68448276
7.45E+01,9.30E-01,1.29E-03,20.68448276
7.46E+01,9.30E-01,1.29E-03,20.68448276
7.47E+01,9.30E-01,1.29E-03,20.68448276
7.48E+01,9.30E-01,1.29E-03,20.68448276
7.49E+01,9.30E-01,1.29E-03,20.68448276
7.50E+01,9.30E-01,1.29E-03,20.68448276
7.51E+01,9.30E-01,1.29E-03,20.68448276
7.52E+01,9.30E-01,1.29E-03,20.68448276
7.53E+01,9.30E-01,1.29E-03,20.68448276
7.54E+01,9.30E-01,1.29E-03,20.68448276
7.55E+01,9.30E-01,1.29E-03,20.68448276
7.56E+01,9.30E-01,1.29E-03,20.68448276
7.57E+01,9.30E-01,1.29E-03,20.68448276
7.58E+01,9.30E-01,1.29E-03,20.68448276
7.59E+01,9.30E-01,1.29E-03,20.68448276
7.60E+01,9.30E-01,1.29E-03,20.68448276
7.61E+01,9.30E-01,1.29E-03,20.68448276
7.62E+01,9.30E-01,1.29E-03,20.68448276
7.63E+01,9.30E-01,1.29E-03,20.68448276
7.64E+01,9.30E-01,1.29E-03,20.68448276
7.65E+01,9.30E-01,1.29E-03,20.68448276
7.66E+01,9.30E-01,1.29E-03,20.68448276
7.67E+01,9.30E-01,1.29E-03,20.68448276
7.68E+01,9.30E-01,1.29E-03,20.68448276
7.69E+01,9.30E-01,1.29E-03,20.68448276
7.70E+01,9.30E-01,1.29E-03,20.68448276
7.71E+01,9.30E-01,1.29E-03,20.68448276
7.72E+01,9.30E-01,1.29E-03,20.68448276
7.73E+01,9.30E-01,1.29E-03,20.68448276
7.74E+01,9.30E-01,1.29E-03,20.68448276
7.75E+01,9.30E-01,1.29E-03,20.68448276
7.76E+01,9.30E-01,1.29E-03,20.68448276
7.77E+01,9.30E-01,1.29E-03,20.68448276
7.78E+01,9.30E-01,1.29E-03,20.68448276
7.79E+01,9.30E-01,1.29E-03,20.68448276
7.80E+01,9.30E-01,1.29E-03,20.68448276
7.81E+01,9.30E-01,1.29E-03,20.68448276
7.82E+01,9.30E-01,1.29E-03,20.68448276
7.83E+01,9.30E-01,1.29E-03,20.68448276
7.84E+01,9.30E-01,1.29E-03,20.68448276
7.85E+01,9.30E-01,1.29E-03,20.68448276
7.86E+01,9.30E-01,1.29E-03,20.68448276
7.87E+01,9.30E-01,1.29E-03,20.68448276
7.88E+01,9.30E-01,1.29E-03,20.68448276
7.89E+01,9.30E-01,1.29E-03,20.68448276
7.90E+01,9.30E-01,1.29E-03,20.68448276
7.91E+01,9.30E-01,1.29E-03,20.68448276
7.92E+01,9.30E-01,1.29E-03,20.68448276
7.93E+01,9.30E-01,1.29E-03,20.68448276
7.94E+01,9.30E-01,1.29E-03,20.68448276
7.95E+01,9.30E-01,1.30E-03,20.84482759
7.96E+01,9.30E-01,1.30E-03,20.84482759
7.97E+01,9.30E-01,1.30E-03,20.84482759
7.98E+01,9.30E-01,1.30E-03,20.84482759
7.99E+01,9.30E-01,1.30E-03,20.84482759
8.00E+01,9.30E-01,1.30E-03,20.84482759
8.01E+01,9.30E-01,1.30E-03,20.84482759
8.02E+01,9.30E-01,1.30E-03,20.84482759
8.03E+01,9.30E-01,1.30E-03,20.84482759
8.04E+01,9.30E-01,1.30E-03,20.84482759
8.05E+01,9.30E-01,1.30E-03,20.84482759
8.06E+01,9.30E-01,1.30E-03,20.84482759
8.07E+01,9.30E-01,1.30E-03,20.84482759
8.08E+01,9.30E-01,1.30E-03,20.84482759
8.09E+01,9.30E-01,1.30E-03,20.84482759
8.10E+01,9.30E-01,1.30E-03,20.84482759
8.11E+01,9.30E-01,1.30E-03,20.84482759
8.12E+01,9.30E-01,1.30E-03,20.84482759
8.13E+01,9.30E-01,1.30E-03,20.84482759
8.14E+01,9.30E-01,1.30E-03,20.84482759
8.15E+01,9.30E-01,1.29E-03,20.68448276
8.16E+01,9.30E-01,1.29E-03,20.68448276
8.17E+01,9.30E-01,1.29E-03,20.68448276
8.18E+01,9.30E-01,1.29E-03,20.68448276
8.19E+01,9.30E-01,1.29E-03,20.68448276
8.20E+01,9.30E-01,1.29E-03,20.68448276
8.21E+01,9.30E-01,1.29E-03,20.68448276
8.22E+01,9.30E-01,1.29E-03,20.68448276
8.23E+01,9.30E-01,1.29E-03,20.68448276
8.24E+01,9.30E-01,1.29E-03,20.68448276
8.25E+01,9.30E-01,1.29E-03,20.68448276
8.26E+01,9.30E-01,1.29E-03,20.68448276
8.27E+01,9.30E-01,1.29E-03,20.68448276
8.28E+01,9.30E-01,1.30E-03,20.84482759
8.29E+01,9.30E-01,1.30E-03,20.84482759
8.30E+01,9.30E-01,1.30E-03,20.84482759
8.31E+01,9.30E-01,1.30E-03,20.84482759
8.32E+01,9.30E-01,1.29E-03,20.68448276
8.33E+01,9.30E-01,1.29E-03,20.68448276
8.34E+01,9.30E-01,1.29E-03,20.68448276
8.35E+01,9.30E-01,1.29E-03,20.68448276
8.36E+01,9.30E-01,1.29E-03,20.68448276
8.37E+01,9.30E-01,1.29E-03,20.68448276
8.38E+01,9.30E-01,1.29E-03,20.68448276
8.39E+01,9.30E-01,1.29E-03,20.68448276
8.40E+01,9.30E-01,1.29E-03,20.68448276
8.41E+01,9.30E-01,1.29E-03,20.68448276
8.42E+01,9.30E-01,1.29E-03,20.68448276
8.43E+01,9.30E-01,1.29E-03,20.68448276
8.44E+01,9.30E-01,1.29E-03,20.68448276
8.45E+01,9.30E-01,1.29E-03,20.68448276
8.46E+01,9.30E-01,1.29E-03,20.68448276
8.47E+01,9.30E-01,1.29E-03,20.68448276
8.48E+01,9.30E-01,1.29E-03,20.68448276
8.49E+01,9.30E-01,1.29E-03,20.68448276
8.50E+01,9.30E-01,1.29E-03,20.68448276
8.51E+01,9.30E-01,1.29E-03,20.68448276
8.52E+01,9.30E-01,1.29E-03,20.68448276
8.53E+01,9.30E-01,1.29E-03,20.68448276
8.54E+01,9.30E-01,1.29E-03,20.68448276
8.55E+01,9.30E-01,1.29E-03,20.68448276
8.56E+01,9.30E-01,1.29E-03,20.68448276
8.57E+01,9.30E-01,1.29E-03,20.68448276
8.58E+01,9.30E-01,1.29E-03,20.68448276
8.59E+01,9.30E-01,1.29E-03,20.68448276
8.60E+01,9.30E-01,1.29E-03,20.68448276
8.61E+01,9.30E-01,1.29E-03,20.68448276
8.62E+01,9.30E-01,1.29E-03,20.68448276
8.63E+01,9.30E-01,1.29E-03,20.68448276
8.64E+01,9.30E-01,1.29E-03,20.68448276
8.65E+01,9.30E-01,1.29E-03,20.68448276
8.66E+01,9.30E-01,1.29E-03,20.68448276
8.67E+01,9.30E-01,1.29E-03,20.68448276
8.68E+01,9.30E-01,1.29E-03,20.68448276
8.69E+01,9.30E-01,1.29E-03,20.68448276
8.70E+01,9.30E-01,1.29E-03,20.68448276
8.71E+01,9.30E-01,1.29E-03,20.68448276
8.72E+01,9.30E-01,1.29E-03,20.68448276
8.73E+01,9.30E-01,1.29E-03,20.68448276
8.74E+01,9.30E-01,1.29E-03,20.68448276
8.75E+01,9.30E-01,1.29E-03,20.68448276
8.76E+01,9.30E-01,1.29E-03,20.68448276
8.77E+01,9.30E-01,1.29E-03,20.68448276
8.78E+01,9.30E-01,1.29E-03,20.68448276
8.79E+01,9.30E-01,1.29E-03,20.68448276
8.80E+01,9.30E-01,1.29E-03,20.68448276
8.81E+01,9.30E-01,1.29E-03,20.68448276
8.82E+01,9.30E-01,1.29E-03,20.68448276
8.83E+01,9.30E-01,1.30E-03,20.84482759
8.84E+01,9.30E-01,1.30E-03,20.84482759
8.85E+01,9.30E-01,1.29E-03,20.68448276
8.86E+01,9.30E-01,1.29E-03,20.68448276
8.87E+01,9.30E-01,1.29E-03,20.68448276
8.88E+01,9.30E-01,1.29E-03,20.68448276
8.89E+01,9.30E-01,1.29E-03,20.68448276
8.90E+01,9.30E-01,1.29E-03,20.68448276
8.91E+01,9.30E-01,1.29E-03,20.68448276
8.92E+01,9.30E-01,1.29E-03,20.68448276
8.93E+01,9.30E-01,1.29E-03,20.68448276
8.94E+01,9.30E-01,1.29E-03,20.68448276
8.95E+01,9.30E-01,1.29E-03,20.68448276
8.96E+01,9.30E-01,1.29E-03,20.68448276
8.97E+01,9.30E-01,1.29E-03,20.68448276
8.98E+01,9.30E-01,1.29E-03,20.68448276
8.99E+01,9.30E-01,1.29E-03,20.68448276
9.00E+01,9.30E-01,1.29E-03,20.68448276
9.01E+01,9.30E-01,1.29E-03,20.68448276
9.02E+01,9.30E-01,1.29E-03,20.68448276
9.03E+01,9.30E-01,1.29E-03,20.68448276
9.04E+01,9.30E-01,1.29E-03,20.68448276
9.05E+01,9.30E-01,1.29E-03,20.68448276
9.06E+01,9.30E-01,1.29E-03,20.68448276
9.07E+01,9.30E-01,1.29E-03,20.68448276
9.08E+01,9.30E-01,1.29E-03,20.68448276
9.09E+01,9.30E-01,1.29E-03,20.68448276
9.10E+01,9.30E-01,1.29E-03,20.68448276
9.11E+01,9.30E-01,1.29E-03,20.68448276
9.12E+01,9.30E-01,1.29E-03,20.68448276
9.13E+01,9.30E-01,1.29E-03,20.68448276
9.14E+01,9.30E-01,1.29E-03,20.68448276
9.15E+01,9.30E-01,1.29E-03,20.68448276
9.16E+01,9.30E-01,1.29E-03,20.68448276
9.17E+01,9.30E-01,1.30E-03,20.84482759
9.18E+01,9.30E-01,1.30E-03,20.84482759
9.19E+01,9.30E-01,1.30E-03,20.84482759
9.20E+01,9.30E-01,1.30E-03,20.84482759
9.21E+01,9.30E-01,1.30E-03,20.84482759
9.22E+01,9.30E-01,1.30E-03,20.84482759
9.23E+01,9.30E-01,1.30E-03,20.84482759
9.24E+01,9.30E-01,1.30E-03,20.84482759
9.25E+01,9.30E-01,1.30E-03,20.84482759
9.26E+01,9.30E-01,1.30E-03,20.84482759
9.27E+01,9.30E-01,1.30E-03,20.84482759
9.28E+01,9.30E-01,1.30E-03,20.84482759
9.29E+01,9.30E-01,1.30E-03,20.84482759
9.30E+01,9.30E-01,1.30E-03,20.84482759
9.31E+01,9.30E-01,1.30E-03,20.84482759
9.32E+01,9.30E-01,1.30E-03,20.84482759
9.33E+01,9.30E-01,1.30E-03,20.84482759
9.34E+01,9.30E-01,1.30E-03,20.84482759
9.35E+01,9.30E-01,1.30E-03,20.84482759
9.36E+01,9.30E-01,1.30E-03,20.84482759
9.37E+01,9.30E-01,1.30E-03,20.84482759
9.38E+01,9.30E-01,1.30E-03,20.84482759
9.39E+01,9.30E-01,1.30E-03,20.84482759
9.40E+01,9.30E-01,1.31E-03,21.00517241
9.41E+01,9.30E-01,1.31E-03,21.00517241
9.42E+01,9.30E-01,1.31E-03,21.00517241
9.43E+01,9.30E-01,1.31E-03,21.00517241
9.44E+01,9.30E-01,1.31E-03,21.00517241
9.45E+01,9.30E-01,1.31E-03,21.00517241
9.46E+01,9.30E-01,1.31E-03,21.00517241
9.47E+01,9.30E-01,1.31E-03,21.00517241
9.48E+01,9.30E-01,1.30E-03,20.84482759
9.49E+01,9.30E-01,1.30E-03,20.84482759
9.50E+01,9.30E-01,1.30E-03,20.84482759
9.51E+01,9.30E-01,1.30E-03,20.84482759
9.52E+01,9.30E-01,1.30E-03,20.84482759
9.53E+01,9.30E-01,1.30E-03,20.84482759
9.54E+01,9.30E-01,1.30E-03,20.84482759
9.55E+01,9.30E-01,1.30E-03,20.84482759
9.56E+01,9.30E-01,1.30E-03,20.84482759
9.57E+01,9.30E-01,1.30E-03,20.84482759
9.58E+01,9.30E-01,1.30E-03,20.84482759
9.59E+01,9.30E-01,1.30E-03,20.84482759
9.60E+01,9.30E-01,1.30E-03,20.84482759
9.61E+01,9.30E-01,1.30E-03,20.84482759
9.62E+01,9.30E-01,1.30E-03,20.84482759
9.63E+01,9.30E-01,1.30E-03,20.84482759
9.64E+01,9.30E-01,1.30E-03,20.84482759
9.65E+01,9.30E-01,1.30E-03,20.84482759
9.66E+01,9.30E-01,1.30E-03,20.84482759
9.67E+01,9.30E-01,1.30E-03,20.84482759
9.68E+01,9.30E-01,1.30E-03,20.84482759
9.69E+01,9.30E-01,1.30E-03,20.84482759
9.70E+01,9.30E-01,1.30E-03,20.84482759
9.71E+01,9.30E-01,1.30E-03,20.84482759
9.72E+01,9.30E-01,1.30E-03,20.84482759
9.73E+01,9.30E-01,1.30E-03,20.84482759
9.74E+01,9.30E-01,1.30E-03,20.84482759
9.75E+01,9.30E-01,1.30E-03,20.84482759
9.76E+01,9.30E-01,1.30E-03,20.84482759
9.77E+01,9.30E-01,1.30E-03,20.84482759
9.78E+01,9.30E-01,1.30E-03,20.84482759
9.79E+01,9.30E-01,1.30E-03,20.84482759
9.80E+01,9.30E-01,1.30E-03,20.84482759
9.81E+01,9.30E-01,1.30E-03,20.84482759
9.82E+01,9.30E-01,1.30E-03,20.84482759
9.83E+01,9.30E-01,1.30E-03,20.84482759
9.84E+01,9.30E-01,1.30E-03,20.84482759
9.85E+01,9.30E-01,1.30E-03,20.84482759
9.86E+01,9.30E-01,1.30E-03,20.84482759
9.87E+01,9.30E-01,1.30E-03,20.84482759
9.88E+01,9.30E-01,1.30E-03,20.84482759
9.89E+01,9.30E-01,1.30E-03,20.84482759
9.90E+01,9.30E-01,1.30E-03,20.84482759
9.91E+01,9.30E-01,1.30E-03,20.84482759
9.92E+01,9.30E-01,1.30E-03,20.84482759
9.93E+01,9.30E-01,1.30E-03,20.84482759
9.94E+01,9.30E-01,1.30E-03,20.84482759
9.95E+01,9.30E-01,1.30E-03,20.84482759
9.96E+01,9.30E-01,1.30E-03,20.84482759
9.97E+01,9.30E-01,1.30E-03,20.84482759
9.98E+01,9.30E-01,1.30E-03,20.84482759
9.99E+01,9.30E-01,1.30E-03,20.84482759
1.00E+02,9.30E-01,1.30E-03,20.84482759
1.00E+02,9.30E-01,1.30E-03,20.84482759
1.00E+02,9.30E-01,1.30E-03,20.84482759
1.00E+02,9.30E-01,1.30E-03,20.84482759
1.00E+02,9.30E-01,1.30E-03,20.84482759
1.01E+02,9.30E-01,1.30E-03,20.84482759
1.01E+02,9.30E-01,1.30E-03,20.84482759
1.01E+02,9.30E-01,1.31E-03,21.00517241
1.01E+02,9.30E-01,1.31E-03,21.00517241
1.01E+02,9.30E-01,1.31E-03,21.00517241
1.01E+02,9.30E-01,1.31E-03,21.00517241
1.01E+02,9.30E-01,1.31E-03,21.00517241
1.01E+02,9.30E-01,1.30E-03,20.84482759
1.01E+02,9.30E-01,1.30E-03,20.84482759
1.01E+02,9.30E-01,1.30E-03,20.84482759
1.02E+02,9.30E-01,1.30E-03,20.84482759
1.02E+02,9.30E-01,1.31E-03,21.00517241
1.02E+02,9.30E-01,1.30E-03,20.84482759
1.02E+02,9.30E-01,1.30E-03,20.84482759
1.02E+02,9.30E-01,1.30E-03,20.84482759
1.02E+02,9.30E-01,1.30E-03,20.84482759
1.02E+02,9.30E-01,1.30E-03,20.84482759
1.02E+02,9.30E-01,1.30E-03,20.84482759
1.02E+02,9.30E-01,1.31E-03,21.00517241
1.02E+02,9.30E-01,1.31E-03,21.00517241
1.03E+02,9.30E-01,1.30E-03,20.84482759
1.03E+02,9.30E-01,1.30E-03,20.84482759
1.03E+02,9.30E-01,1.30E-03,20.84482759
1.03E+02,9.30E-01,1.31E-03,21.00517241
1.03E+02,9.30E-01,1.31E-03,21.00517241
1.03E+02,9.30E-01,1.31E-03,21.00517241
1.03E+02,9.30E-01,1.31E-03,21.00517241
1.03E+02,9.30E-01,1.31E-03,21.00517241
1.03E+02,9.30E-01,1.31E-03,21.00517241
1.03E+02,9.30E-01,1.31E-03,21.00517241
1.04E+02,9.30E-01,1.31E-03,21.00517241
1.04E+02,9.30E-01,1.30E-03,20.84482759
1.04E+02,9.30E-01,1.30E-03,20.84482759
1.04E+02,9.30E-01,1.30E-03,20.84482759
1.04E+02,9.30E-01,1.30E-03,20.84482759
1.04E+02,9.30E-01,1.30E-03,20.84482759
1.04E+02,9.30E-01,1.30E-03,20.84482759
1.04E+02,9.30E-01,1.30E-03,20.84482759
1.04E+02,9.30E-01,1.30E-03,20.84482759
1.04E+02,9.30E-01,1.30E-03,20.84482759
1.05E+02,9.30E-01,1.30E-03,20.84482759
1.05E+02,9.30E-01,1.30E-03,20.84482759
1.05E+02,9.30E-01,1.30E-03,20.84482759
1.05E+02,9.30E-01,1.30E-03,20.84482759
1.05E+02,9.30E-01,1.30E-03,20.84482759
1.05E+02,9.30E-01,1.30E-03,20.84482759
1.05E+02,9.30E-01,1.30E-03,20.84482759
1.05E+02,9.30E-01,1.30E-03,20.84482759
1.05E+02,9.30E-01,1.30E-03,20.84482759
1.05E+02,9.30E-01,1.30E-03,20.84482759
1.06E+02,9.30E-01,1.30E-03,20.84482759
1.06E+02,9.30E-01,1.30E-03,20.84482759
1.06E+02,9.30E-01,1.30E-03,20.84482759
1.06E+02,9.30E-01,1.30E-03,20.84482759
1.06E+02,9.30E-01,1.30E-03,20.84482759
1.06E+02,9.30E-01,1.30E-03,20.84482759
1.06E+02,9.30E-01,1.30E-03,20.84482759
1.06E+02,9.30E-01,1.30E-03,20.84482759
1.06E+02,9.30E-01,1.30E-03,20.84482759
1.06E+02,9.30E-01,1.30E-03,20.84482759
1.07E+02,9.30E-01,1.30E-03,20.84482759
1.07E+02,9.30E-01,1.30E-03,20.84482759
1.07E+02,9.30E-01,1.30E-03,20.84482759
1.07E+02,9.30E-01,1.30E-03,20.84482759
1.07E+02,9.30E-01,1.30E-03,20.84482759
1.07E+02,9.30E-01,1.30E-03,20.84482759
1.07E+02,9.30E-01,1.30E-03,20.84482759
1.07E+02,9.30E-01,1.30E-03,20.84482759
1.07E+02,9.30E-01,1.30E-03,20.84482759
1.07E+02,9.30E-01,1.30E-03,20.84482759
1.08E+02,9.30E-01,1.30E-03,20.84482759
1.08E+02,9.30E-01,1.30E-03,20.84482759
1.08E+02,9.30E-01,1.30E-03,20.84482759
1.08E+02,9.30E-01,1.30E-03,20.84482759
1.08E+02,9.30E-01,1.30E-03,20.84482759
1.08E+02,9.30E-01,1.30E-03,20.84482759
1.08E+02,9.30E-01,1.30E-03,20.84482759
1.08E+02,9.30E-01,1.30E-03,20.84482759
1.08E+02,9.30E-01,1.30E-03,20.84482759
1.08E+02,9.30E-01,1.30E-03,20.84482759
1.09E+02,9.30E-01,1.30E-03,20.84482759
1.09E+02,9.30E-01,1.30E-03,20.84482759
1.09E+02,9.30E-01,1.30E-03,20.84482759
1.09E+02,9.30E-01,1.30E-03,20.84482759
1.09E+02,9.30E-01,1.30E-03,20.84482759
1.09E+02,9.30E-01,1.30E-03,20.84482759
1.09E+02,9.30E-01,1.30E-03,20.84482759
1.09E+02,9.30E-01,1.30E-03,20.84482759
1.09E+02,9.30E-01,1.30E-03,20.84482759
1.09E+02,9.30E-01,1.30E-03,20.84482759
1.10E+02,9.30E-01,1.30E-03,20.84482759
1.10E+02,9.30E-01,1.30E-03,20.84482759
1.10E+02,9.30E-01,1.30E-03,20.84482759
1.10E+02,9.30E-01,1.30E-03,20.84482759
1.10E+02,9.30E-01,1.30E-03,20.84482759
1.10E+02,9.30E-01,1.30E-03,20.84482759
1.10E+02,9.30E-01,1.30E-03,20.84482759
1.10E+02,9.30E-01,1.30E-03,20.84482759
1.10E+02,9.30E-01,1.30E-03,20.84482759
1.10E+02,9.30E-01,1.30E-03,20.84482759
1.11E+02,9.30E-01,1.30E-03,20.84482759
1.11E+02,9.30E-01,1.30E-03,20.84482759
1.11E+02,9.30E-01,1.30E-03,20.84482759
1.11E+02,9.30E-01,1.30E-03,20.84482759
1.11E+02,9.30E-01,1.30E-03,20.84482759
1.11E+02,9.30E-01,1.30E-03,20.84482759
1.11E+02,9.30E-01,1.30E-03,20.84482759
1.11E+02,9.30E-01,1.30E-03,20.84482759
1.11E+02,9.30E-01,1.30E-03,20.84482759
1.11E+02,9.30E-01,1.30E-03,20.84482759
1.12E+02,9.30E-01,1.30E-03,20.84482759
1.12E+02,9.30E-01,1.30E-03,20.84482759
1.12E+02,9.30E-01,1.30E-03,20.84482759
1.12E+02,9.30E-01,1.30E-03,20.84482759
1.12E+02,9.30E-01,1.30E-03,20.84482759
1.12E+02,9.30E-01,1.30E-03,20.84482759
1.12E+02,9.30E-01,1.30E-03,20.84482759
1.12E+02,9.30E-01,1.30E-03,20.84482759
1.12E+02,9.30E-01,1.29E-03,20.68448276
1.12E+02,9.30E-01,1.29E-03,20.68448276
1.13E+02,9.30E-01,1.29E-03,20.68448276
1.13E+02,9.30E-01,1.29E-03,20.68448276
1.13E+02,9.30E-01,1.29E-03,20.68448276
1.13E+02,9.30E-01,1.29E-03,20.68448276
1.13E+02,9.30E-01,1.29E-03,20.68448276
1.13E+02,9.30E-01,1.29E-03,20.68448276
1.13E+02,9.30E-01,1.29E-03,20.68448276
1.13E+02,9.30E-01,1.29E-03,20.68448276
1.13E+02,9.30E-01,1.29E-03,20.68448276
1.13E+02,9.30E-01,1.29E-03,20.68448276
1.14E+02,9.30E-01,1.29E-03,20.68448276
1.14E+02,9.30E-01,1.29E-03,20.68448276
1.14E+02,9.30E-01,1.30E-03,20.84482759
1.14E+02,9.30E-01,1.29E-03,20.68448276
1.14E+02,9.30E-01,1.29E-03,20.68448276
1.14E+02,9.30E-01,1.29E-03,20.68448276
1.14E+02,9.30E-01,1.29E-03,20.68448276
1.14E+02,9.30E-01,1.29E-03,20.68448276
1.14E+02,9.30E-01,1.29E-03,20.68448276
1.14E+02,9.30E-01,1.29E-03,20.68448276
1.15E+02,9.30E-01,1.29E-03,20.68448276
1.15E+02,9.30E-01,1.29E-03,20.68448276
1.15E+02,9.30E-01,1.29E-03,20.68448276
1.15E+02,9.30E-01,1.29E-03,20.68448276
1.15E+02,9.30E-01,1.29E-03,20.68448276
1.15E+02,9.30E-01,1.29E-03,20.68448276
1.15E+02,9.30E-01,1.29E-03,20.68448276
1.15E+02,9.30E-01,1.29E-03,20.68448276
1.15E+02,9.30E-01,1.29E-03,20.68448276
1.15E+02,9.30E-01,1.29E-03,20.68448276
1.16E+02,9.30E-01,1.29E-03,20.68448276
1.16E+02,9.30E-01,1.29E-03,20.68448276
1.16E+02,9.30E-01,1.29E-03,20.68448276
1.16E+02,9.30E-01,1.29E-03,20.68448276
1.16E+02,9.30E-01,1.29E-03,20.68448276
1.16E+02,9.30E-01,1.29E-03,20.68448276
1.16E+02,9.30E-01,1.29E-03,20.68448276
1.16E+02,9.30E-01,1.29E-03,20.68448276
1.16E+02,9.30E-01,1.29E-03,20.68448276
1.16E+02,9.30E-01,1.29E-03,20.68448276
1.17E+02,9.30E-01,1.29E-03,20.68448276
1.17E+02,9.30E-01,1.29E-03,20.68448276
1.17E+02,9.30E-01,1.29E-03,20.68448276
1.17E+02,9.30E-01,1.29E-03,20.68448276
1.17E+02,9.30E-01,1.29E-03,20.68448276
1.17E+02,9.30E-01,1.29E-03,20.68448276
1.17E+02,9.30E-01,1.29E-03,20.68448276
1.17E+02,9.30E-01,1.29E-03,20.68448276
1.17E+02,9.30E-01,1.29E-03,20.68448276
1.17E+02,9.30E-01,1.29E-03,20.68448276
1.18E+02,9.30E-01,1.29E-03,20.68448276
1.18E+02,9.30E-01,1.29E-03,20.68448276
1.18E+02,9.30E-01,1.29E-03,20.68448276
1.18E+02,9.30E-01,1.29E-03,20.68448276
1.18E+02,9.30E-01,1.29E-03,20.68448276
1.18E+02,9.30E-01,1.29E-03,20.68448276
1.18E+02,9.30E-01,1.29E-03,20.68448276
1.18E+02,9.30E-01,1.29E-03,20.68448276
1.18E+02,9.30E-01,1.29E-03,20.68448276
1.18E+02,9.30E-01,1.29E-03,20.68448276
1.19E+02,9.30E-01,1.29E-03,20.68448276
1.19E+02,9.30E-01,1.29E-03,20.68448276
1.19E+02,9.30E-01,1.29E-03,20.68448276
1.19E+02,9.30E-01,1.29E-03,20.68448276
1.19E+02,9.30E-01,1.29E-03,20.68448276
1.19E+02,9.30E-01,1.29E-03,20.68448276
1.19E+02,9.30E-01,1.29E-03,20.68448276
1.19E+02,9.30E-01,1.30E-03,20.84482759
1.19E+02,9.30E-01,1.30E-03,20.84482759
1.19E+02,9.30E-01,1.29E-03,20.68448276
1.20E+02,9.30E-01,1.29E-03,20.68448276
1.20E+02,9.30E-01,1.29E-03,20.68448276
1.20E+02,9.30E-01,1.29E-03,20.68448276
1.20E+02,9.30E-01,1.29E-03,20.68448276
1.20E+02,9.30E-01,1.29E-03,20.68448276
1.20E+02,9.30E-01,1.29E-03,20.68448276
1.20E+02,9.30E-01,1.29E-03,20.68448276
1.20E+02,9.30E-01,1.29E-03,20.68448276
1.20E+02,9.30E-01,1.30E-03,20.84482759
1.20E+02,9.30E-01,1.29E-03,20.68448276
1.21E+02,9.30E-01,1.29E-03,20.68448276
1.21E+02,9.30E-01,1.29E-03,20.68448276
1.21E+02,9.30E-01,1.29E-03,20.68448276
1.21E+02,9.30E-01,1.29E-03,20.68448276
1.21E+02,9.30E-01,1.29E-03,20.68448276
1.21E+02,9.30E-01,1.29E-03,20.68448276
1.21E+02,9.30E-01,1.29E-03,20.68448276
1.21E+02,9.30E-01,1.29E-03,20.68448276
1.21E+02,9.30E-01,1.29E-03,20.68448276
1.21E+02,9.30E-01,1.29E-03,20.68448276
1.22E+02,9.30E-01,1.29E-03,20.68448276
1.22E+02,9.30E-01,1.29E-03,20.68448276
1.22E+02,9.30E-01,1.29E-03,20.68448276
1.22E+02,9.30E-01,1.29E-03,20.68448276
1.22E+02,9.30E-01,1.29E-03,20.68448276
1.22E+02,9.30E-01,1.29E-03,20.68448276
1.22E+02,9.30E-01,1.29E-03,20.68448276
1.22E+02,9.30E-01,1.29E-03,20.68448276
1.22E+02,9.30E-01,1.29E-03,20.68448276
1.22E+02,9.30E-01,1.29E-03,20.68448276
1.23E+02,9.30E-01,1.29E-03,20.68448276
1.23E+02,9.30E-01,1.29E-03,20.68448276
1.23E+02,9.30E-01,1.29E-03,20.68448276
1.23E+02,9.30E-01,1.29E-03,20.68448276
1.23E+02,9.30E-01,1.29E-03,20.68448276
1.23E+02,9.30E-01,1.29E-03,20.68448276
1.23E+02,9.30E-01,1.29E-03,20.68448276
1.23E+02,9.30E-01,1.29E-03,20.68448276
1.23E+02,9.30E-01,1.29E-03,20.68448276
1.23E+02,9.30E-01,1.29E-03,20.68448276
1.24E+02,9.30E-01,1.29E-03,20.68448276
1.24E+02,9.30E-01,1.29E-03,20.68448276
1.24E+02,9.30E-01,1.29E-03,20.68448276
1.24E+02,9.30E-01,1.29E-03,20.68448276
1.24E+02,9.30E-01,1.29E-03,20.68448276
1.24E+02,9.30E-01,1.29E-03,20.68448276
1.24E+02,9.30E-01,1.29E-03,20.68448276
1.24E+02,9.30E-01,1.29E-03,20.68448276
1.24E+02,9.30E-01,1.29E-03,20.68448276
1.24E+02,9.30E-01,1.29E-03,20.68448276
1.25E+02,9.30E-01,1.29E-03,20.68448276
1.25E+02,9.30E-01,1.29E-03,20.68448276
1.25E+02,9.30E-01,1.29E-03,20.68448276
1.25E+02,9.30E-01,1.29E-03,20.68448276
1.25E+02,9.30E-01,1.29E-03,20.68448276
1.25E+02,9.30E-01,1.29E-03,20.68448276
1.25E+02,9.30E-01,1.29E-03,20.68448276
1.25E+02,9.30E-01,1.30E-03,20.84482759
1.25E+02,9.30E-01,1.30E-03,20.84482759
1.25E+02,9.30E-01,1.30E-03,20.84482759
1.26E+02,9.30E-01,1.30E-03,20.84482759
1.26E+02,9.30E-01,1.29E-03,20.68448276
1.26E+02,9.30E-01,1.29E-03,20.68448276
1.26E+02,9.30E-01,1.29E-03,20.68448276
1.26E+02,9.30E-01,1.29E-03,20.68448276
1.26E+02,9.30E-01,1.29E-03,20.68448276
1.26E+02,9.30E-01,1.29E-03,20.68448276
1.26E+02,9.30E-01,1.29E-03,20.68448276
1.26E+02,9.30E-01,1.29E-03,20.68448276
1.26E+02,9.30E-01,1.29E-03,20.68448276
1.27E+02,9.30E-01,1.29E-03,20.68448276
1.27E+02,9.30E-01,1.29E-03,20.68448276
1.27E+02,9.30E-01,1.29E-03,20.68448276
1.27E+02,9.30E-01,1.29E-03,20.68448276
1.27E+02,9.30E-01,1.29E-03,20.68448276
1.27E+02,9.30E-01,1.29E-03,20.68448276
1.27E+02,9.30E-01,1.29E-03,20.68448276
1.27E+02,9.30E-01,1.29E-03,20.68448276
1.27E+02,9.30E-01,1.29E-03,20.68448276
1.27E+02,9.30E-01,1.29E-03,20.68448276
1.28E+02,9.30E-01,1.29E-03,20.68448276
1.28E+02,9.30E-01,1.29E-03,20.68448276
1.28E+02,9.30E-01,1.29E-03,20.68448276
1.28E+02,9.30E-01,1.29E-03,20.68448276
1.28E+02,9.30E-01,1.29E-03,20.68448276
1.28E+02,9.30E-01,1.29E-03,20.68448276
1.28E+02,9.30E-01,1.29E-03,20.68448276
1.28E+02,9.30E-01,1.29E-03,20.68448276
1.28E+02,9.30E-01,1.30E-03,20.84482759
1.28E+02,9.30E-01,1.30E-03,20.84482759
1.29E+02,9.30E-01,1.29E-03,20.68448276
1.29E+02,9.30E-01,1.29E-03,20.68448276
1.29E+02,9.30E-01,1.29E-03,20.68448276
1.29E+02,9.30E-01,1.29E-03,20.68448276
1.29E+02,9.30E-01,1.29E-03,20.68448276
1.29E+02,9.30E-01,1.30E-03,20.84482759
1.29E+02,9.30E-01,1.29E-03,20.68448276
1.29E+02,9.30E-01,1.29E-03,20.68448276
1.29E+02,9.30E-01,1.29E-03,20.68448276
1.29E+02,9.30E-01,1.29E-03,20.68448276
1.30E+02,9.30E-01,1.29E-03,20.68448276
1.30E+02,9.30E-01,1.30E-03,20.84482759
1.30E+02,9.30E-01,1.30E-03,20.84482759
1.30E+02,9.30E-01,1.30E-03,20.84482759
1.30E+02,9.30E-01,1.30E-03,20.84482759
1.30E+02,9.30E-01,1.30E-03,20.84482759
1.30E+02,9.30E-01,1.30E-03,20.84482759
1.30E+02,9.30E-01,1.30E-03,20.84482759
1.30E+02,9.30E-01,1.30E-03,20.84482759
1.30E+02,9.30E-01,1.30E-03,20.84482759
1.31E+02,9.30E-01,1.29E-03,20.68448276
1.31E+02,9.30E-01,1.30E-03,20.84482759
1.31E+02,9.30E-01,1.30E-03,20.84482759
1.31E+02,9.30E-01,1.30E-03,20.84482759
1.31E+02,9.30E-01,1.30E-03,20.84482759
1.31E+02,9.30E-01,1.30E-03,20.84482759
1.31E+02,9.30E-01,1.30E-03,20.84482759
1.31E+02,9.30E-01,1.30E-03,20.84482759
1.31E+02,9.30E-01,1.30E-03,20.84482759
1.31E+02,9.30E-01,1.30E-03,20.84482759
1.32E+02,9.30E-01,1.30E-03,20.84482759
1.32E+02,9.30E-01,1.30E-03,20.84482759
1.32E+02,9.30E-01,1.30E-03,20.84482759
1.32E+02,9.30E-01,1.30E-03,20.84482759
1.32E+02,9.30E-01,1.30E-03,20.84482759
1.32E+02,9.30E-01,1.30E-03,20.84482759
1.32E+02,9.30E-01,1.30E-03,20.84482759
1.32E+02,9.30E-01,1.30E-03,20.84482759
1.32E+02,9.30E-01,1.29E-03,20.68448276
1.32E+02,9.30E-01,1.29E-03,20.68448276
1.33E+02,9.30E-01,1.29E-03,20.68448276
1.33E+02,9.30E-01,1.29E-03,20.68448276
1.33E+02,9.30E-01,1.29E-03,20.68448276
1.33E+02,9.30E-01,1.29E-03,20.68448276
1.33E+02,9.30E-01,1.29E-03,20.68448276
1.33E+02,9.30E-01,1.29E-03,20.68448276
1.33E+02,9.30E-01,1.29E-03,20.68448276
1.33E+02,9.30E-01,1.29E-03,20.68448276
1.33E+02,9.30E-01,1.29E-03,20.68448276
1.33E+02,9.30E-01,1.29E-03,20.68448276
1.34E+02,9.30E-01,1.29E-03,20.68448276
1.34E+02,9.30E-01,1.29E-03,20.68448276
1.34E+02,9.30E-01,1.29E-03,20.68448276
1.34E+02,9.30E-01,1.29E-03,20.68448276
1.34E+02,9.30E-01,1.29E-03,20.68448276
1.34E+02,9.30E-01,1.29E-03,20.68448276
1.34E+02,9.30E-01,1.30E-03,20.84482759
1.34E+02,9.30E-01,1.30E-03,20.84482759
1.34E+02,9.30E-01,1.30E-03,20.84482759
1.34E+02,9.30E-01,1.30E-03,20.84482759
1.35E+02,9.30E-01,1.30E-03,20.84482759
1.35E+02,9.30E-01,1.30E-03,20.84482759
1.35E+02,9.30E-01,1.30E-03,20.84482759
1.35E+02,9.30E-01,1.30E-03,20.84482759
1.35E+02,9.30E-01,1.30E-03,20.84482759
1.35E+02,9.30E-01,1.30E-03,20.84482759
1.35E+02,9.30E-01,1.30E-03,20.84482759
1.35E+02,9.30E-01,1.30E-03,20.84482759
1.35E+02,9.30E-01,1.30E-03,20.84482759
1.35E+02,9.30E-01,1.29E-03,20.68448276
1.36E+02,9.30E-01,1.29E-03,20.68448276
1.36E+02,9.30E-01,1.29E-03,20.68448276
1.36E+02,9.30E-01,1.29E-03,20.68448276
1.36E+02,9.30E-01,1.29E-03,20.68448276
1.36E+02,9.30E-01,1.29E-03,20.68448276
1.36E+02,9.30E-01,1.29E-03,20.68448276
1.36E+02,9.30E-01,1.29E-03,20.68448276
1.36E+02,9.30E-01,1.29E-03,20.68448276
1.36E+02,9.30E-01,1.30E-03,20.84482759
1.36E+02,9.30E-01,1.30E-03,20.84482759
1.37E+02,9.30E-01,1.30E-03,20.84482759
1.37E+02,9.30E-01,1.30E-03,20.84482759
1.37E+02,9.30E-01,1.30E-03,20.84482759
1.37E+02,9.30E-01,1.30E-03,20.84482759
1.37E+02,9.30E-01,1.29E-03,20.68448276
1.37E+02,9.30E-01,1.29E-03,20.68448276
1.37E+02,9.30E-01,1.29E-03,20.68448276
1.37E+02,9.30E-01,1.29E-03,20.68448276
1.37E+02,9.30E-01,1.29E-03,20.68448276
1.37E+02,9.30E-01,1.29E-03,20.68448276
1.38E+02,9.30E-01,1.29E-03,20.68448276
1.38E+02,9.30E-01,1.29E-03,20.68448276
1.38E+02,9.30E-01,1.29E-03,20.68448276
1.38E+02,9.30E-01,1.29E-03,20.68448276
1.38E+02,9.30E-01,1.29E-03,20.68448276
1.38E+02,9.30E-01,1.29E-03,20.68448276
1.38E+02,9.30E-01,1.29E-03,20.68448276
1.38E+02,9.30E-01,1.29E-03,20.68448276
1.38E+02,9.30E-01,1.29E-03,20.68448276
1.38E+02,9.30E-01,1.29E-03,20.68448276
1.39E+02,9.30E-01,1.29E-03,20.68448276
1.39E+02,9.30E-01,1.29E-03,20.68448276
1.39E+02,9.30E-01,1.29E-03,20.68448276
1.39E+02,9.30E-01,1.29E-03,20.68448276
1.39E+02,9.30E-01,1.29E-03,20.68448276
1.39E+02,9.30E-01,1.29E-03,20.68448276
1.39E+02,9.30E-01,1.29E-03,20.68448276
1.39E+02,9.30E-01,1.29E-03,20.68448276
1.39E+02,9.30E-01,1.29E-03,20.68448276
1.39E+02,9.30E-01,1.29E-03,20.68448276
1.40E+02,9.30E-01,1.29E-03,20.68448276
1.40E+02,9.30E-01,1.29E-03,20.68448276
1.40E+02,9.30E-01,1.29E-03,20.68448276
1.40E+02,9.30E-01,1.29E-03,20.68448276
1.40E+02,9.30E-01,1.29E-03,20.68448276
1.40E+02,9.30E-01,1.29E-03,20.68448276
1.40E+02,9.30E-01,1.29E-03,20.68448276
1.40E+02,9.30E-01,1.29E-03,20.68448276
1.40E+02,9.30E-01,1.29E-03,20.68448276
1.40E+02,9.30E-01,1.30E-03,20.84482759
1.41E+02,9.30E-01,1.30E-03,20.84482759
1.41E+02,9.30E-01,1.30E-03,20.84482759
1.41E+02,9.30E-01,1.30E-03,20.84482759
1.41E+02,9.30E-01,1.30E-03,20.84482759
1.41E+02,9.30E-01,1.30E-03,20.84482759
1.41E+02,9.30E-01,1.30E-03,20.84482759
1.41E+02,9.30E-01,1.30E-03,20.84482759
1.41E+02,9.30E-01,1.30E-03,20.84482759
1.41E+02,9.30E-01,1.30E-03,20.84482759
1.41E+02,9.30E-01,1.30E-03,20.84482759
1.42E+02,9.30E-01,1.30E-03,20.84482759
1.42E+02,9.30E-01,1.30E-03,20.84482759
1.42E+02,9.30E-01,1.30E-03,20.84482759
1.42E+02,9.30E-01,1.30E-03,20.84482759
1.42E+02,9.30E-01,1.30E-03,20.84482759
1.42E+02,9.30E-01,1.30E-03,20.84482759
1.42E+02,9.30E-01,1.30E-03,20.84482759
1.42E+02,9.30E-01,1.30E-03,20.84482759
1.42E+02,9.30E-01,1.30E-03,20.84482759
1.42E+02,9.30E-01,1.30E-03,20.84482759
1.43E+02,9.30E-01,1.30E-03,20.84482759
1.43E+02,9.30E-01,1.30E-03,20.84482759
1.43E+02,9.30E-01,1.29E-03,20.68448276
1.43E+02,9.30E-01,1.29E-03,20.68448276
1.43E+02,9.30E-01,1.29E-03,20.68448276
1.43E+02,9.30E-01,1.29E-03,20.68448276
1.43E+02,9.30E-01,1.29E-03,20.68448276
1.43E+02,9.30E-01,1.29E-03,20.68448276
1.43E+02,9.30E-01,1.29E-03,20.68448276
1.43E+02,9.30E-01,1.29E-03,20.68448276
1.44E+02,9.30E-01,1.29E-03,20.68448276
1.44E+02,9.30E-01,1.29E-03,20.68448276
1.44E+02,9.30E-01,1.29E-03,20.68448276
1.44E+02,9.30E-01,1.29E-03,20.68448276
1.44E+02,9.30E-01,1.29E-03,20.68448276
1.44E+02,9.30E-01,1.29E-03,20.68448276
1.44E+02,9.30E-01,1.29E-03,20.68448276
1.44E+02,9.30E-01,1.29E-03,20.68448276
1.44E+02,9.30E-01,1.29E-03,20.68448276
1.44E+02,9.30E-01,1.29E-03,20.68448276
1.45E+02,9.30E-01,1.29E-03,20.68448276
1.45E+02,9.30E-01,1.29E-03,20.68448276
1.45E+02,9.30E-01,1.29E-03,20.68448276
1.45E+02,9.30E-01,1.29E-03,20.68448276
1.45E+02,9.30E-01,1.29E-03,20.68448276
1.45E+02,9.30E-01,1.29E-03,20.68448276
1.45E+02,9.30E-01,1.29E-03,20.68448276
1.45E+02,9.30E-01,1.29E-03,20.68448276
1.45E+02,9.30E-01,1.29E-03,20.68448276
1.45E+02,9.30E-01,1.29E-03,20.68448276
1.46E+02,9.30E-01,1.29E-03,20.68448276
1.46E+02,9.30E-01,1.29E-03,20.68448276
1.46E+02,9.30E-01,1.29E-03,20.68448276
1.46E+02,9.30E-01,1.29E-03,20.68448276
1.46E+02,9.30E-01,1.29E-03,20.68448276
1.46E+02,9.30E-01,1.29E-03,20.68448276
1.46E+02,9.30E-01,1.29E-03,20.68448276
1.46E+02,9.30E-01,1.29E-03,20.68448276
1.46E+02,9.30E-01,1.29E-03,20.68448276
1.46E+02,9.30E-01,1.29E-03,20.68448276
1.47E+02,9.30E-01,1.29E-03,20.68448276
1.47E+02,9.30E-01,1.29E-03,20.68448276
1.47E+02,9.30E-01,1.29E-03,20.68448276
1.47E+02,9.30E-01,1.29E-03,20.68448276
1.47E+02,9.30E-01,1.29E-03,20.68448276
1.47E+02,9.30E-01,1.29E-03,20.68448276
1.47E+02,9.30E-01,1.29E-03,20.68448276
1.47E+02,9.30E-01,1.29E-03,20.68448276
1.47E+02,9.30E-01,1.29E-03,20.68448276
1.47E+02,9.30E-01,1.29E-03,20.68448276
1.48E+02,9.30E-01,1.29E-03,20.68448276
1.48E+02,9.30E-01,1.29E-03,20.68448276
1.48E+02,9.30E-01,1.29E-03,20.68448276
1.48E+02,9.30E-01,1.29E-03,20.68448276
1.48E+02,9.30E-01,1.29E-03,20.68448276
1.48E+02,9.30E-01,1.29E-03,20.68448276
1.48E+02,9.30E-01,1.29E-03,20.68448276
1.48E+02,9.30E-01,1.29E-03,20.68448276
1.48E+02,9.30E-01,1.29E-03,20.68448276
1.48E+02,9.30E-01,1.29E-03,20.68448276
1.49E+02,9.30E-01,1.29E-03,20.68448276
1.49E+02,9.30E-01,1.29E-03,20.68448276
1.49E+02,9.30E-01,1.29E-03,20.68448276
1.49E+02,9.30E-01,1.29E-03,20.68448276
1.49E+02,9.30E-01,1.29E-03,20.68448276
1.49E+02,9.30E-01,1.29E-03,20.68448276
1.49E+02,9.30E-01,1.29E-03,20.68448276
1.49E+02,9.30E-01,1.29E-03,20.68448276
1.49E+02,9.30E-01,1.29E-03,20.68448276
1.49E+02,9.30E-01,1.29E-03,20.68448276
1.50E+02,9.30E-01,1.29E-03,20.68448276
1.50E+02,9.30E-01,1.29E-03,20.68448276
1.50E+02,9.30E-01,1.29E-03,20.68448276
1.50E+02,9.30E-01,1.29E-03,20.68448276
1.50E+02,9.30E-01,1.29E-03,20.68448276
1.50E+02,9.30E-01,1.29E-03,20.68448276
1.50E+02,9.30E-01,1.29E-03,20.68448276
1.50E+02,9.30E-01,1.29E-03,20.68448276
1.50E+02,9.30E-01,1.29E-03,20.68448276
1.50E+02,9.30E-01,1.29E-03,20.68448276
1.51E+02,9.30E-01,1.28E-03,20.52413793
1.51E+02,9.30E-01,1.28E-03,20.52413793
1.51E+02,9.30E-01,1.28E-03,20.52413793
1.51E+02,9.30E-01,1.28E-03,20.52413793
1.51E+02,9.30E-01,1.28E-03,20.52413793
1.51E+02,9.30E-01,1.28E-03,20.52413793
1.51E+02,9.30E-01,1.28E-03,20.52413793
1.51E+02,9.30E-01,1.28E-03,20.52413793
1.51E+02,9.30E-01,1.28E-03,20.52413793
1.51E+02,9.30E-01,1.28E-03,20.52413793
1.52E+02,9.30E-01,1.28E-03,20.52413793
1.52E+02,9.30E-01,1.28E-03,20.52413793
1.52E+02,9.30E-01,1.28E-03,20.52413793
1.52E+02,9.30E-01,1.28E-03,20.52413793
1.52E+02,9.30E-01,1.28E-03,20.52413793
1.52E+02,9.30E-01,1.28E-03,20.52413793
1.52E+02,9.30E-01,1.28E-03,20.52413793
1.52E+02,9.30E-01,1.28E-03,20.52413793
1.52E+02,9.30E-01,1.28E-03,20.52413793
1.52E+02,9.30E-01,1.28E-03,20.52413793
1.53E+02,9.30E-01,1.28E-03,20.52413793
1.53E+02,9.30E-01,1.28E-03,20.52413793
1.53E+02,9.30E-01,1.28E-03,20.52413793
1.53E+02,9.30E-01,1.28E-03,20.52413793
1.53E+02,9.30E-01,1.28E-03,20.52413793
1.53E+02,9.30E-01,1.28E-03,20.52413793
1.53E+02,9.30E-01,1.28E-03,20.52413793
1.53E+02,9.30E-01,1.28E-03,20.52413793
1.53E+02,9.30E-01,1.28E-03,20.52413793
1.53E+02,9.30E-01,1.28E-03,20.52413793
1.54E+02,9.30E-01,1.28E-03,20.52413793
1.54E+02,9.30E-01,1.28E-03,20.52413793
1.54E+02,9.30E-01,1.28E-03,20.52413793
1.54E+02,9.30E-01,1.28E-03,20.52413793
1.54E+02,9.30E-01,1.28E-03,20.52413793
1.54E+02,9.30E-01,1.28E-03,20.52413793
1.54E+02,9.30E-01,1.28E-03,20.52413793
1.54E+02,9.30E-01,1.28E-03,20.52413793
1.54E+02,9.30E-01,1.28E-03,20.52413793
1.54E+02,9.30E-01,1.28E-03,20.52413793
1.55E+02,9.30E-01,1.28E-03,20.52413793
1.55E+02,9.30E-01,1.28E-03,20.52413793
1.55E+02,9.30E-01,1.28E-03,20.52413793
1.55E+02,9.30E-01,1.28E-03,20.52413793
1.55E+02,9.30E-01,1.28E-03,20.52413793
1.55E+02,9.30E-01,1.28E-03,20.52413793
1.55E+02,9.30E-01,1.28E-03,20.52413793
1.55E+02,9.30E-01,1.28E-03,20.52413793
1.55E+02,9.30E-01,1.28E-03,20.52413793
1.55E+02,9.30E-01,1.28E-03,20.52413793
1.56E+02,9.30E-01,1.28E-03,20.52413793
1.56E+02,9.30E-01,1.28E-03,20.52413793
1.56E+02,9.30E-01,1.28E-03,20.52413793
1.56E+02,9.30E-01,1.28E-03,20.52413793
1.56E+02,9.30E-01,1.28E-03,20.52413793
1.56E+02,9.30E-01,1.28E-03,20.52413793
1.56E+02,9.30E-01,1.28E-03,20.52413793
1.56E+02,9.30E-01,1.28E-03,20.52413793
1.56E+02,9.30E-01,1.28E-03,20.52413793
1.56E+02,9.30E-01,1.28E-03,20.52413793
1.57E+02,9.30E-01,1.28E-03,20.52413793
1.57E+02,9.30E-01,1.28E-03,20.52413793
1.57E+02,9.30E-01,1.28E-03,20.52413793
1.57E+02,9.30E-01,1.28E-03,20.52413793
1.57E+02,9.30E-01,1.28E-03,20.52413793
1.57E+02,9.30E-01,1.28E-03,20.52413793
1.57E+02,9.30E-01,1.28E-03,20.52413793
1.57E+02,9.30E-01,1.28E-03,20.52413793
1.57E+02,9.30E-01,1.28E-03,20.52413793
1.57E+02,9.30E-01,1.28E-03,20.52413793
1.58E+02,9.30E-01,1.28E-03,20.52413793
1.58E+02,9.30E-01,1.28E-03,20.52413793
1.58E+02,9.30E-01,1.28E-03,20.52413793
1.58E+02,9.30E-01,1.28E-03,20.52413793
1.58E+02,9.30E-01,1.28E-03,20.52413793
1.58E+02,9.30E-01,1.28E-03,20.52413793
1.58E+02,9.30E-01,1.28E-03,20.52413793
1.58E+02,9.30E-01,1.28E-03,20.52413793
1.58E+02,9.30E-01,1.28E-03,20.52413793
1.58E+02,9.30E-01,1.28E-03,20.52413793
1.59E+02,9.30E-01,1.28E-03,20.52413793
1.59E+02,9.30E-01,1.28E-03,20.52413793
1.59E+02,9.30E-01,1.28E-03,20.52413793
1.59E+02,9.30E-01,1.28E-03,20.52413793
1.59E+02,9.30E-01,1.28E-03,20.52413793
1.59E+02,9.30E-01,1.28E-03,20.52413793
1.59E+02,9.30E-01,1.28E-03,20.52413793
1.59E+02,9.30E-01,1.28E-03,20.52413793
1.59E+02,9.30E-01,1.28E-03,20.52413793
1.59E+02,9.30E-01,1.28E-03,20.52413793
1.60E+02,9.30E-01,1.28E-03,20.52413793
1.60E+02,9.30E-01,1.28E-03,20.52413793
1.60E+02,9.30E-01,1.28E-03,20.52413793
1.60E+02,9.30E-01,1.28E-03,20.52413793
1.60E+02,9.30E-01,1.28E-03,20.52413793
1.60E+02,9.30E-01,1.28E-03,20.52413793
1.60E+02,9.30E-01,1.28E-03,20.52413793
1.60E+02,9.30E-01,1.28E-03,20.52413793
1.60E+02,9.30E-01,1.28E-03,20.52413793
1.60E+02,9.30E-01,1.28E-03,20.52413793
1.61E+02,9.30E-01,1.28E-03,20.52413793
1.61E+02,9.30E-01,1.28E-03,20.52413793
1.61E+02,9.30E-01,1.28E-03,20.52413793
1.61E+02,9.30E-01,1.29E-03,20.68448276
1.61E+02,9.30E-01,1.29E-03,20.68448276
1.61E+02,9.30E-01,1.29E-03,20.68448276
1.61E+02,9.30E-01,1.29E-03,20.68448276
1.61E+02,9.30E-01,1.29E-03,20.68448276
1.61E+02,9.30E-01,1.29E-03,20.68448276
1.61E+02,9.30E-01,1.29E-03,20.68448276
1.62E+02,9.30E-01,1.29E-03,20.68448276
1.62E+02,9.30E-01,1.29E-03,20.68448276
1.62E+02,9.30E-01,1.29E-03,20.68448276
1.62E+02,9.30E-01,1.29E-03,20.68448276
1.62E+02,9.30E-01,1.29E-03,20.68448276
1.62E+02,9.30E-01,1.29E-03,20.68448276
1.62E+02,9.30E-01,1.29E-03,20.68448276
1.62E+02,9.30E-01,1.29E-03,20.68448276
1.62E+02,9.30E-01,1.29E-03,20.68448276
1.62E+02,9.30E-01,1.29E-03,20.68448276
1.63E+02,9.30E-01,1.29E-03,20.68448276
1.63E+02,9.30E-01,1.29E-03,20.68448276
1.63E+02,9.30E-01,1.29E-03,20.68448276
1.63E+02,9.30E-01,1.29E-03,20.68448276
1.63E+02,9.30E-01,1.29E-03,20.68448276
1.63E+02,9.30E-01,1.29E-03,20.68448276
1.63E+02,9.30E-01,1.29E-03,20.68448276
1.63E+02,9.30E-01,1.29E-03,20.68448276
1.63E+02,9.30E-01,1.29E-03,20.68448276
1.63E+02,9.30E-01,1.29E-03,20.68448276
1.64E+02,9.30E-01,1.29E-03,20.68448276
1.64E+02,9.30E-01,1.29E-03,20.68448276
1.64E+02,9.30E-01,1.29E-03,20.68448276
1.64E+02,9.30E-01,1.29E-03,20.68448276
1.64E+02,9.30E-01,1.29E-03,20.68448276
1.64E+02,9.30E-01,1.29E-03,20.68448276
1.64E+02,9.30E-01,1.29E-03,20.68448276
1.64E+02,9.30E-01,1.29E-03,20.68448276
1.64E+02,9.30E-01,1.29E-03,20.68448276
1.64E+02,9.30E-01,1.29E-03,20.68448276
1.65E+02,9.30E-01,1.29E-03,20.68448276
1.65E+02,9.30E-01,1.29E-03,20.68448276
1.65E+02,9.30E-01,1.29E-03,20.68448276
1.65E+02,9.30E-01,1.29E-03,20.68448276
1.65E+02,9.30E-01,1.29E-03,20.68448276
1.65E+02,9.30E-01,1.29E-03,20.68448276
1.65E+02,9.30E-01,1.29E-03,20.68448276
1.65E+02,9.30E-01,1.29E-03,20.68448276
1.65E+02,9.30E-01,1.29E-03,20.68448276
1.65E+02,9.30E-01,1.28E-03,20.52413793
1.66E+02,9.30E-01,1.28E-03,20.52413793
1.66E+02,9.30E-01,1.28E-03,20.52413793
1.66E+02,9.30E-01,1.28E-03,20.52413793
1.66E+02,9.30E-01,1.28E-03,20.52413793
1.66E+02,9.30E-01,1.28E-03,20.52413793
1.66E+02,9.30E-01,1.28E-03,20.52413793
1.66E+02,9.30E-01,1.28E-03,20.52413793
1.66E+02,9.30E-01,1.28E-03,20.52413793
1.66E+02,9.30E-01,1.28E-03,20.52413793
1.66E+02,9.30E-01,1.28E-03,20.52413793
1.67E+02,9.30E-01,1.28E-03,20.52413793
1.67E+02,9.30E-01,1.28E-03,20.52413793
1.67E+02,9.30E-01,1.28E-03,20.52413793
1.67E+02,9.30E-01,1.28E-03,20.52413793
1.67E+02,9.30E-01,1.28E-03,20.52413793
1.67E+02,9.30E-01,1.28E-03,20.52413793
1.67E+02,9.30E-01,1.28E-03,20.52413793
1.67E+02,9.30E-01,1.28E-03,20.52413793
1.67E+02,9.30E-01,1.28E-03,20.52413793
1.67E+02,9.30E-01,1.28E-03,20.52413793
1.68E+02,9.30E-01,1.28E-03,20.52413793
1.68E+02,9.30E-01,1.28E-03,20.52413793
1.68E+02,9.30E-01,1.28E-03,20.52413793
1.68E+02,9.30E-01,1.28E-03,20.52413793
1.68E+02,9.30E-01,1.28E-03,20.52413793
1.68E+02,9.30E-01,1.28E-03,20.52413793
1.68E+02,9.30E-01,1.28E-03,20.52413793
1.68E+02,9.30E-01,1.28E-03,20.52413793
1.68E+02,9.30E-01,1.28E-03,20.52413793
1.68E+02,9.30E-01,1.28E-03,20.52413793
1.69E+02,9.30E-01,1.28E-03,20.52413793
1.69E+02,9.30E-01,1.28E-03,20.52413793
1.69E+02,9.30E-01,1.28E-03,20.52413793
1.69E+02,9.30E-01,1.28E-03,20.52413793
1.69E+02,9.30E-01,1.28E-03,20.52413793
1.69E+02,9.30E-01,1.28E-03,20.52413793
1.69E+02,9.30E-01,1.28E-03,20.52413793
1.69E+02,9.30E-01,1.28E-03,20.52413793
1.69E+02,9.30E-01,1.28E-03,20.52413793
1.69E+02,9.30E-01,1.28E-03,20.52413793
1.70E+02,9.30E-01,1.28E-03,20.52413793
1.70E+02,9.30E-01,1.28E-03,20.52413793
1.70E+02,9.30E-01,1.28E-03,20.52413793
1.70E+02,9.30E-01,1.28E-03,20.52413793
1.70E+02,9.30E-01,1.28E-03,20.52413793
1.70E+02,9.30E-01,1.28E-03,20.52413793
1.70E+02,9.30E-01,1.28E-03,20.52413793
1.70E+02,9.30E-01,1.28E-03,20.52413793
1.70E+02,9.30E-01,1.28E-03,20.52413793
1.70E+02,9.30E-01,1.28E-03,20.52413793
1.71E+02,9.30E-01,1.28E-03,20.52413793
1.71E+02,9.30E-01,1.28E-03,20.52413793
1.71E+02,9.30E-01,1.28E-03,20.52413793
1.71E+02,9.30E-01,1.28E-03,20.52413793
1.71E+02,9.30E-01,1.28E-03,20.52413793
1.71E+02,9.30E-01,1.29E-03,20.68448276
1.71E+02,9.30E-01,1.29E-03,20.68448276
1.71E+02,9.30E-01,1.29E-03,20.68448276
1.71E+02,9.30E-01,1.29E-03,20.68448276
1.71E+02,9.30E-01,1.29E-03,20.68448276
1.72E+02,9.30E-01,1.29E-03,20.68448276
1.72E+02,9.30E-01,1.29E-03,20.68448276
1.72E+02,9.30E-01,1.29E-03,20.68448276
1.72E+02,9.30E-01,1.29E-03,20.68448276
1.72E+02,9.30E-01,1.29E-03,20.68448276
1.72E+02,9.30E-01,1.29E-03,20.68448276
1.72E+02,9.30E-01,1.29E-03,20.68448276
1.72E+02,9.30E-01,1.29E-03,20.68448276
1.72E+02,9.30E-01,1.29E-03,20.68448276
1.72E+02,9.30E-01,1.29E-03,20.68448276
1.73E+02,9.30E-01,1.29E-03,20.68448276
1.73E+02,9.30E-01,1.29E-03,20.68448276
1.73E+02,9.30E-01,1.29E-03,20.68448276
1.73E+02,9.30E-01,1.29E-03,20.68448276
1.73E+02,9.30E-01,1.29E-03,20.68448276
1.73E+02,9.30E-01,1.29E-03,20.68448276
1.73E+02,9.30E-01,1.29E-03,20.68448276
1.73E+02,9.30E-01,1.29E-03,20.68448276
1.73E+02,9.30E-01,1.29E-03,20.68448276
1.73E+02,9.30E-01,1.29E-03,20.68448276
1.74E+02,9.30E-01,1.29E-03,20.68448276
1.74E+02,9.30E-01,1.29E-03,20.68448276
1.74E+02,9.30E-01,1.29E-03,20.68448276
1.74E+02,9.30E-01,1.29E-03,20.68448276
1.74E+02,9.30E-01,1.29E-03,20.68448276
1.74E+02,9.30E-01,1.29E-03,20.68448276
1.74E+02,9.30E-01,1.29E-03,20.68448276
1.74E+02,9.30E-01,1.29E-03,20.68448276
1.74E+02,9.30E-01,1.29E-03,20.68448276
1.74E+02,9.30E-01,1.29E-03,20.68448276
1.75E+02,9.30E-01,1.29E-03,20.68448276
1.75E+02,9.30E-01,1.29E-03,20.68448276
1.75E+02,9.30E-01,1.29E-03,20.68448276
1.75E+02,9.30E-01,1.29E-03,20.68448276
1.75E+02,9.30E-01,1.29E-03,20.68448276
1.75E+02,9.30E-01,1.29E-03,20.68448276
1.75E+02,9.30E-01,1.29E-03,20.68448276
1.75E+02,9.30E-01,1.29E-03,20.68448276
1.75E+02,9.30E-01,1.29E-03,20.68448276
1.75E+02,9.30E-01,1.29E-03,20.68448276
1.76E+02,9.30E-01,1.29E-03,20.68448276
1.76E+02,9.30E-01,1.29E-03,20.68448276
1.76E+02,9.30E-01,1.29E-03,20.68448276
1.76E+02,9.30E-01,1.29E-03,20.68448276
1.76E+02,9.30E-01,1.29E-03,20.68448276
1.76E+02,9.30E-01,1.29E-03,20.68448276
1.76E+02,9.30E-01,1.29E-03,20.68448276
1.76E+02,9.30E-01,1.29E-03,20.68448276
1.76E+02,9.30E-01,1.29E-03,20.68448276
1.76E+02,9.30E-01,1.29E-03,20.68448276
1.77E+02,9.30E-01,1.29E-03,20.68448276
1.77E+02,9.30E-01,1.29E-03,20.68448276
1.77E+02,9.30E-01,1.29E-03,20.68448276
1.77E+02,9.30E-01,1.30E-03,20.84482759
1.77E+02,9.30E-01,1.30E-03,20.84482759
1.77E+02,9.30E-01,1.30E-03,20.84482759
1.77E+02,9.30E-01,1.30E-03,20.84482759
1.77E+02,9.30E-01,1.30E-03,20.84482759
1.77E+02,9.30E-01,1.30E-03,20.84482759
1.77E+02,9.30E-01,1.30E-03,20.84482759
1.78E+02,9.30E-01,1.30E-03,20.84482759
1.78E+02,9.30E-01,1.30E-03,20.84482759
1.78E+02,9.30E-01,1.30E-03,20.84482759
1.78E+02,9.30E-01,1.30E-03,20.84482759
1.78E+02,9.30E-01,1.29E-03,20.68448276
1.78E+02,9.30E-01,1.29E-03,20.68448276
1.78E+02,9.30E-01,1.29E-03,20.68448276
1.78E+02,9.30E-01,1.29E-03,20.68448276
1.78E+02,9.30E-01,1.29E-03,20.68448276
1.78E+02,9.30E-01,1.29E-03,20.68448276
1.79E+02,9.30E-01,1.29E-03,20.68448276
1.79E+02,9.30E-01,1.29E-03,20.68448276
1.79E+02,9.30E-01,1.29E-03,20.68448276
1.79E+02,9.30E-01,1.29E-03,20.68448276
1.79E+02,9.30E-01,1.29E-03,20.68448276
1.79E+02,9.30E-01,1.29E-03,20.68448276
1.79E+02,9.30E-01,1.29E-03,20.68448276
1.79E+02,9.30E-01,1.29E-03,20.68448276
1.79E+02,9.30E-01,1.29E-03,20.68448276
1.79E+02,9.30E-01,1.29E-03,20.68448276
1.80E+02,9.30E-01,1.29E-03,20.68448276
1.80E+02,9.30E-01,1.29E-03,20.68448276
1.80E+02,9.30E-01,1.29E-03,20.68448276
1.80E+02,9.30E-01,1.29E-03,20.68448276
1.80E+02,9.30E-01,1.29E-03,20.68448276
1.80E+02,9.30E-01,1.29E-03,20.68448276
1.80E+02,9.30E-01,1.29E-03,20.68448276
1.80E+02,9.30E-01,1.29E-03,20.68448276
1.80E+02,9.30E-01,1.29E-03,20.68448276
1.80E+02,9.30E-01,1.28E-03,20.52413793
1.81E+02,9.30E-01,1.28E-03,20.52413793
1.81E+02,9.30E-01,1.28E-03,20.52413793
1.81E+02,9.30E-01,1.28E-03,20.52413793
1.81E+02,9.30E-01,1.28E-03,20.52413793
1.81E+02,9.30E-01,1.28E-03,20.52413793
1.81E+02,9.30E-01,1.28E-03,20.52413793
1.81E+02,9.30E-01,1.28E-03,20.52413793
1.81E+02,9.30E-01,1.28E-03,20.52413793
1.81E+02,9.30E-01,1.29E-03,20.68448276
1.81E+02,9.30E-01,1.29E-03,20.68448276
1.82E+02,9.30E-01,1.29E-03,20.68448276
1.82E+02,9.30E-01,1.29E-03,20.68448276
1.82E+02,9.30E-01,1.29E-03,20.68448276
1.82E+02,9.30E-01,1.29E-03,20.68448276
1.82E+02,9.30E-01,1.29E-03,20.68448276
1.82E+02,9.30E-01,1.29E-03,20.68448276
1.82E+02,9.30E-01,1.29E-03,20.68448276
1.82E+02,9.30E-01,1.29E-03,20.68448276
1.82E+02,9.30E-01,1.29E-03,20.68448276
1.82E+02,9.30E-01,1.29E-03,20.68448276
1.83E+02,9.30E-01,1.29E-03,20.68448276
1.83E+02,9.30E-01,1.29E-03,20.68448276
1.83E+02,9.30E-01,1.29E-03,20.68448276
1.83E+02,9.30E-01,1.29E-03,20.68448276
1.83E+02,9.30E-01,1.29E-03,20.68448276
1.83E+02,9.30E-01,1.29E-03,20.68448276
1.83E+02,9.30E-01,1.29E-03,20.68448276
1.83E+02,9.30E-01,1.29E-03,20.68448276
1.83E+02,9.30E-01,1.29E-03,20.68448276
1.83E+02,9.30E-01,1.29E-03,20.68448276
1.84E+02,9.30E-01,1.29E-03,20.68448276
1.84E+02,9.30E-01,1.29E-03,20.68448276
1.84E+02,9.30E-01,1.29E-03,20.68448276
1.84E+02,9.30E-01,1.29E-03,20.68448276
1.84E+02,9.30E-01,1.29E-03,20.68448276
1.84E+02,9.30E-01,1.29E-03,20.68448276
1.84E+02,9.30E-01,1.29E-03,20.68448276
1.84E+02,9.30E-01,1.29E-03,20.68448276
1.84E+02,9.30E-01,1.29E-03,20.68448276
1.84E+02,9.30E-01,1.29E-03,20.68448276
1.85E+02,9.30E-01,1.29E-03,20.68448276
1.85E+02,9.30E-01,1.29E-03,20.68448276
1.85E+02,9.30E-01,1.29E-03,20.68448276
1.85E+02,9.30E-01,1.29E-03,20.68448276
1.85E+02,9.30E-01,1.29E-03,20.68448276
1.85E+02,9.30E-01,1.29E-03,20.68448276
1.85E+02,9.30E-01,1.29E-03,20.68448276
1.85E+02,9.30E-01,1.29E-03,20.68448276
1.85E+02,9.30E-01,1.29E-03,20.68448276
1.85E+02,9.30E-01,1.29E-03,20.68448276
1.86E+02,9.30E-01,1.29E-03,20.68448276
1.86E+02,9.30E-01,1.29E-03,20.68448276
1.86E+02,9.30E-01,1.29E-03,20.68448276
1.86E+02,9.30E-01,1.29E-03,20.68448276
1.86E+02,9.30E-01,1.29E-03,20.68448276
1.86E+02,9.30E-01,1.29E-03,20.68448276
1.86E+02,9.30E-01,1.29E-03,20.68448276
1.86E+02,9.30E-01,1.29E-03,20.68448276
1.86E+02,9.30E-01,1.29E-03,20.68448276
1.86E+02,9.30E-01,1.29E-03,20.68448276
1.87E+02,9.30E-01,1.29E-03,20.68448276
1.87E+02,9.30E-01,1.29E-03,20.68448276
1.87E+02,9.30E-01,1.29E-03,20.68448276
1.87E+02,9.30E-01,1.29E-03,20.68448276
1.87E+02,9.30E-01,1.29E-03,20.68448276
1.87E+02,9.30E-01,1.29E-03,20.68448276
1.87E+02,9.30E-01,1.29E-03,20.68448276
1.87E+02,9.30E-01,1.29E-03,20.68448276
1.87E+02,9.30E-01,1.29E-03,20.68448276
1.87E+02,9.30E-01,1.29E-03,20.68448276
1.88E+02,9.30E-01,1.29E-03,20.68448276
1.88E+02,9.30E-01,1.29E-03,20.68448276
1.88E+02,9.30E-01,1.29E-03,20.68448276
1.88E+02,9.30E-01,1.29E-03,20.68448276
1.88E+02,9.30E-01,1.29E-03,20.68448276
1.88E+02,9.30E-01,1.29E-03,20.68448276
1.88E+02,9.30E-01,1.29E-03,20.68448276
1.88E+02,9.30E-01,1.29E-03,20.68448276
1.88E+02,9.30E-01,1.29E-03,20.68448276
1.88E+02,9.30E-01,1.29E-03,20.68448276
1.89E+02,9.30E-01,1.29E-03,20.68448276
1.89E+02,9.30E-01,1.29E-03,20.68448276
1.89E+02,9.30E-01,1.29E-03,20.68448276
1.89E+02,9.30E-01,1.29E-03,20.68448276
1.89E+02,9.30E-01,1.29E-03,20.68448276
1.89E+02,9.30E-01,1.29E-03,20.68448276
1.89E+02,9.30E-01,1.29E-03,20.68448276
1.89E+02,9.30E-01,1.29E-03,20.68448276
1.89E+02,9.30E-01,1.29E-03,20.68448276
1.89E+02,9.30E-01,1.29E-03,20.68448276
1.90E+02,9.30E-01,1.29E-03,20.68448276
1.90E+02,9.30E-01,1.30E-03,20.84482759
1.90E+02,9.30E-01,1.30E-03,20.84482759
1.90E+02,9.30E-01,1.30E-03,20.84482759
1.90E+02,9.30E-01,1.30E-03,20.84482759
1.90E+02,9.30E-01,1.30E-03,20.84482759
1.90E+02,9.30E-01,1.30E-03,20.84482759
1.90E+02,9.30E-01,1.30E-03,20.84482759
1.90E+02,9.30E-01,1.30E-03,20.84482759
1.90E+02,9.30E-01,1.30E-03,20.84482759
1.91E+02,9.30E-01,1.30E-03,20.84482759
1.91E+02,9.30E-01,1.30E-03,20.84482759
1.91E+02,9.30E-01,1.30E-03,20.84482759
1.91E+02,9.30E-01,1.30E-03,20.84482759
1.91E+02,9.30E-01,1.30E-03,20.84482759
1.91E+02,9.30E-01,1.30E-03,20.84482759
1.91E+02,9.30E-01,1.30E-03,20.84482759
1.91E+02,9.30E-01,1.30E-03,20.84482759
1.91E+02,9.30E-01,1.30E-03,20.84482759
1.91E+02,9.30E-01,1.30E-03,20.84482759
1.92E+02,9.30E-01,1.30E-03,20.84482759
1.92E+02,9.30E-01,1.30E-03,20.84482759
1.92E+02,9.30E-01,1.30E-03,20.84482759
1.92E+02,9.30E-01,1.29E-03,20.68448276
1.92E+02,9.30E-01,1.29E-03,20.68448276
1.92E+02,9.30E-01,1.29E-03,20.68448276
1.92E+02,9.30E-01,1.29E-03,20.68448276
1.92E+02,9.30E-01,1.29E-03,20.68448276
1.92E+02,9.30E-01,1.29E-03,20.68448276
1.92E+02,9.30E-01,1.30E-03,20.84482759
1.93E+02,9.30E-01,1.30E-03,20.84482759
1.93E+02,9.30E-01,1.30E-03,20.84482759
1.93E+02,9.30E-01,1.30E-03,20.84482759
1.93E+02,9.30E-01,1.30E-03,20.84482759
1.93E+02,9.30E-01,1.30E-03,20.84482759
1.93E+02,9.30E-01,1.30E-03,20.84482759
1.93E+02,9.30E-01,1.30E-03,20.84482759
1.93E+02,9.30E-01,1.30E-03,20.84482759
1.93E+02,9.30E-01,1.30E-03,20.84482759
1.93E+02,9.30E-01,1.30E-03,20.84482759
1.94E+02,9.30E-01,1.29E-03,20.68448276
1.94E+02,9.30E-01,1.29E-03,20.68448276
1.94E+02,9.30E-01,1.29E-03,20.68448276
1.94E+02,9.30E-01,1.29E-03,20.68448276
1.94E+02,9.30E-01,1.29E-03,20.68448276
1.94E+02,9.30E-01,1.29E-03,20.68448276
1.94E+02,9.30E-01,1.29E-03,20.68448276
1.94E+02,9.30E-01,1.29E-03,20.68448276
1.94E+02,9.30E-01,1.29E-03,20.68448276
1.94E+02,9.30E-01,1.29E-03,20.68448276
1.95E+02,9.30E-01,1.29E-03,20.68448276
1.95E+02,9.30E-01,1.29E-03,20.68448276
1.95E+02,9.30E-01,1.29E-03,20.68448276
1.95E+02,9.30E-01,1.29E-03,20.68448276
1.95E+02,9.30E-01,1.29E-03,20.68448276
1.95E+02,9.30E-01,1.29E-03,20.68448276
1.95E+02,9.30E-01,1.29E-03,20.68448276
1.95E+02,9.30E-01,1.29E-03,20.68448276
1.95E+02,9.30E-01,1.29E-03,20.68448276
1.95E+02,9.30E-01,1.29E-03,20.68448276
1.96E+02,9.30E-01,1.29E-03,20.68448276
1.96E+02,9.30E-01,1.29E-03,20.68448276
1.96E+02,9.30E-01,1.29E-03,20.68448276
1.96E+02,9.30E-01,1.29E-03,20.68448276
1.96E+02,9.30E-01,1.30E-03,20.84482759
1.96E+02,9.30E-01,1.30E-03,20.84482759
1.96E+02,9.30E-01,1.30E-03,20.84482759
1.96E+02,9.30E-01,1.30E-03,20.84482759
1.96E+02,9.30E-01,1.30E-03,20.84482759
1.96E+02,9.30E-01,1.30E-03,20.84482759
1.97E+02,9.30E-01,1.30E-03,20.84482759
1.97E+02,9.30E-01,1.30E-03,20.84482759
1.97E+02,9.30E-01,1.30E-03,20.84482759
1.97E+02,9.30E-01,1.30E-03,20.84482759
1.97E+02,9.30E-01,1.30E-03,20.84482759
1.97E+02,9.30E-01,1.30E-03,20.84482759
1.97E+02,9.30E-01,1.30E-03,20.84482759
1.97E+02,9.30E-01,1.30E-03,20.84482759
1.97E+02,9.30E-01,1.30E-03,20.84482759
1.97E+02,9.30E-01,1.30E-03,20.84482759
1.98E+02,9.30E-01,1.30E-03,20.84482759
1.98E+02,9.30E-01,1.30E-03,20.84482759
1.98E+02,9.30E-01,1.30E-03,20.84482759
1.98E+02,9.30E-01,1.30E-03,20.84482759
1.98E+02,9.30E-01,1.30E-03,20.84482759
1.98E+02,9.30E-01,1.30E-03,20.84482759
1.98E+02,9.30E-01,1.30E-03,20.84482759
1.98E+02,9.30E-01,1.30E-03,20.84482759
1.98E+02,9.30E-01,1.30E-03,20.84482759
1.98E+02,9.30E-01,1.30E-03,20.84482759
1.99E+02,9.30E-01,1.30E-03,20.84482759
1.99E+02,9.30E-01,1.30E-03,20.84482759
1.99E+02,9.30E-01,1.30E-03,20.84482759
1.99E+02,9.30E-01,1.30E-03,20.84482759
1.99E+02,9.30E-01,1.30E-03,20.84482759
1.99E+02,9.30E-01,1.30E-03,20.84482759
1.99E+02,9.30E-01,1.30E-03,20.84482759
1.99E+02,9.30E-01,1.30E-03,20.84482759
1.99E+02,9.30E-01,1.30E-03,20.84482759
1.99E+02,9.30E-01,1.30E-03,20.84482759
2.00E+02,9.30E-01,1.30E-03,20.84482759
